"label","fn","version","hash"
"docs","day1.html","v1.0.34","7b7b2977123763379ffd5fea3f3190fd"
"docs","day4.html","v1.0.34","07f1791e5deeae0f662595a193463610"
"docs","ggplot2.html","v1.0.34","1ffeb78ee1378454d0ee23e1cd1fe65a"
"docs","git.html","v1.0.34","31bb2151ab50413448684d8299047f5a"
"docs","index.html","v1.0.34","5aa12ab0f3b1b6f32f8465ffd26e502c"
"docs","prac-day-four.html","v1.0.34","8fd9611899bf8ea68e28c8b8135b1648"
"docs","prac1.html","v1.0.34","fbb564830d8b365052934d915560c01f"
"docs","projects.html","v1.0.34","e55ba7f46e86d2c5302653d5122bac3f"
"docs","projrsimple.html","v1.0.34","9900e11a1ace17e9aea7b774c25bf6f4"
"docs","quarto.html","v1.0.34","accbe4d0b6b085efc608e5a6d037a66a"
"docs","r.html","v1.0.34","541c70a8facfd8bd6e35b7f3929ebcbf"
"docs","rstudio.html","v1.0.34","9710a1c2847731e405bf39ac82af4133"
"docs","search.json","v1.0.34","473d997decd8ec9c11d976671b16e0fb"
"docs","site_libs/bootstrap/bootstrap-ecd39e3c375fd44ab84403253b7e1644.min.css","v1.0.34","ecd39e3c375fd44ab84403253b7e1644"
"docs","site_libs/bootstrap/bootstrap-icons.css","v1.0.34","2318f137d201fbf51601fa0faba6bef7"
"docs","site_libs/bootstrap/bootstrap-icons.woff","v1.0.34","1a51dfbe5467607389d603c02a77cd10"
"docs","site_libs/bootstrap/bootstrap.min.js","v1.0.34","e2b09c06f0e714b6144a6788a28e3950"
"docs","site_libs/clipboard/clipboard.min.js","v1.0.34","15f52a1ee547f2bdd46e56747332ca2d"
"docs","site_libs/quarto-html/anchor.min.js","v1.0.34","91bcf6cd1fd88fec3f109811e5fc3546"
"docs","site_libs/quarto-html/popper.min.js","v1.0.34","3a4a291ccf3f1ea0f82b641542fd3827"
"docs","site_libs/quarto-html/quarto-syntax-highlighting-549806ee2085284f45b00abea8c6df48.css","v1.0.34","549806ee2085284f45b00abea8c6df48"
"docs","site_libs/quarto-html/quarto.js","v1.0.34","b2cce65711e74956eb7b7aa2f4d3943f"
"docs","site_libs/quarto-html/tippy.css","v1.0.34","ebd6f8ce46a677e1a4f5f8a8317109a9"
"docs","site_libs/quarto-html/tippy.umd.min.js","v1.0.34","d828775275749701b48bd9d958814111"
"docs","site_libs/quarto-nav/headroom.min.js","v1.0.34","ace0360e576db9b6e7df48ac68ddbbf4"
"docs","site_libs/quarto-nav/quarto-nav.js","v1.0.34","12d334846b27bdb493298c08277bdf7f"
"docs","site_libs/quarto-search/autocomplete.umd.js","v1.0.34","c64544db941e048f2652217cb9a7f29c"
"docs","site_libs/quarto-search/fuse.min.js","v1.0.34","de7d60e4a6881074275feca14b84a49d"
"docs","site_libs/quarto-search/quarto-search.js","v1.0.34","bb16b7e73be13eba97c99d25b2a476b3"
"docs","tidyverse.html","v1.0.34","812effc2ac78b667b0495ac03b1f0d7f"
"docs","day1.html","v1.0.33","1ba36631c2c26b5dc91d4b575bd49988"
"docs","day5.html","v1.0.33","613619c377fc8838101f76dc90ec7bb3"
"docs","ggplot2.html","v1.0.33","1fa9a5debee6f7bd7ea09d586e885aae"
"docs","git.html","v1.0.33","094cc859bab2fd00845a1005522b91d0"
"docs","index.html","v1.0.33","9768c4b24d225c288062c4137add69db"
"docs","prac-day-five.html","v1.0.33","80bf3a42a9a5175badcd581caa795a9e"
"docs","prac1.html","v1.0.33","4e256369ee8925ee7bb10713589af9f5"
"docs","projects.html","v1.0.33","5c2abe9deb2ac9f77eab6fcc17aabd90"
"docs","projrsimple.html","v1.0.33","dfae468da5c2349314fe7418dce667c6"
"docs","quarto.html","v1.0.33","4d1bbc92db3f05ebb5ae62a979146bca"
"docs","r.html","v1.0.33","d44fa586c5bab56b5f533f1cd472d8e6"
"docs","rstudio.html","v1.0.33","21ed67dd560a983dbd4b2dfe075de8ac"
"docs","search.json","v1.0.33","2da3dde9b72de4292c6ac174747f7f14"
"docs","site_libs/bootstrap/bootstrap-ecd39e3c375fd44ab84403253b7e1644.min.css","v1.0.33","ecd39e3c375fd44ab84403253b7e1644"
"docs","site_libs/bootstrap/bootstrap-icons.css","v1.0.33","2318f137d201fbf51601fa0faba6bef7"
"docs","site_libs/bootstrap/bootstrap-icons.woff","v1.0.33","1a51dfbe5467607389d603c02a77cd10"
"docs","site_libs/bootstrap/bootstrap.min.js","v1.0.33","e2b09c06f0e714b6144a6788a28e3950"
"docs","site_libs/clipboard/clipboard.min.js","v1.0.33","15f52a1ee547f2bdd46e56747332ca2d"
"docs","site_libs/quarto-html/anchor.min.js","v1.0.33","91bcf6cd1fd88fec3f109811e5fc3546"
"docs","site_libs/quarto-html/popper.min.js","v1.0.33","3a4a291ccf3f1ea0f82b641542fd3827"
"docs","site_libs/quarto-html/quarto-syntax-highlighting-549806ee2085284f45b00abea8c6df48.css","v1.0.33","549806ee2085284f45b00abea8c6df48"
"docs","site_libs/quarto-html/quarto.js","v1.0.33","b2cce65711e74956eb7b7aa2f4d3943f"
"docs","site_libs/quarto-html/tippy.css","v1.0.33","ebd6f8ce46a677e1a4f5f8a8317109a9"
"docs","site_libs/quarto-html/tippy.umd.min.js","v1.0.33","d828775275749701b48bd9d958814111"
"docs","site_libs/quarto-nav/headroom.min.js","v1.0.33","ace0360e576db9b6e7df48ac68ddbbf4"
"docs","site_libs/quarto-nav/quarto-nav.js","v1.0.33","12d334846b27bdb493298c08277bdf7f"
"docs","site_libs/quarto-search/autocomplete.umd.js","v1.0.33","c64544db941e048f2652217cb9a7f29c"
"docs","site_libs/quarto-search/fuse.min.js","v1.0.33","de7d60e4a6881074275feca14b84a49d"
"docs","site_libs/quarto-search/quarto-search.js","v1.0.33","bb16b7e73be13eba97c99d25b2a476b3"
"docs","tidyverse.html","v1.0.33","7fa6f5d68dbfcb315ebd00af5faa2f30"
"docs","day1.html","v1.0.32","69f930c460bba7f55bec61eb679b9ef7"
"docs","day5.html","v1.0.32","f5e8312e30e5f025ec38e4ed2c9fd3e1"
"docs","ggplot2.html","v1.0.32","2d18a3f5e5db32de1bfb4b1f41aca865"
"docs","git.html","v1.0.32","d20b0e19235b240725bd4c57f3691af2"
"docs","index.html","v1.0.32","1b46424dd156a5f2b75b3b44559cee56"
"docs","prac-day-five.html","v1.0.32","b3fab6326228d8a0d8c9dc415c2d3fe5"
"docs","prac1.html","v1.0.32","bc2ef215abba587e567ff446d262f3ef"
"docs","projects.html","v1.0.32","abdfcca224f7bfcd3ca10a16f5a06e30"
"docs","projrsimple.html","v1.0.32","85e49aeef9b83a34d5bd54f3bb5e6063"
"docs","quarto.html","v1.0.32","c2819ed7c183f512f6cb2566e0d58553"
"docs","r.html","v1.0.32","fac7fcadda8693d15069c6ec4aaa3773"
"docs","rstudio.html","v1.0.32","2ee473f0cb1f1bfe3ad9d0ca834568da"
"docs","search.json","v1.0.32","c2f3ca0c6af80df5a366dcafa221bba8"
"docs","site_libs/bootstrap/bootstrap-ecd39e3c375fd44ab84403253b7e1644.min.css","v1.0.32","ecd39e3c375fd44ab84403253b7e1644"
"docs","site_libs/bootstrap/bootstrap-icons.css","v1.0.32","2318f137d201fbf51601fa0faba6bef7"
"docs","site_libs/bootstrap/bootstrap-icons.woff","v1.0.32","1a51dfbe5467607389d603c02a77cd10"
"docs","site_libs/bootstrap/bootstrap.min.js","v1.0.32","e2b09c06f0e714b6144a6788a28e3950"
"docs","site_libs/clipboard/clipboard.min.js","v1.0.32","15f52a1ee547f2bdd46e56747332ca2d"
"docs","site_libs/quarto-html/anchor.min.js","v1.0.32","91bcf6cd1fd88fec3f109811e5fc3546"
"docs","site_libs/quarto-html/popper.min.js","v1.0.32","3a4a291ccf3f1ea0f82b641542fd3827"
"docs","site_libs/quarto-html/quarto-syntax-highlighting-549806ee2085284f45b00abea8c6df48.css","v1.0.32","549806ee2085284f45b00abea8c6df48"
"docs","site_libs/quarto-html/quarto.js","v1.0.32","b2cce65711e74956eb7b7aa2f4d3943f"
"docs","site_libs/quarto-html/tippy.css","v1.0.32","ebd6f8ce46a677e1a4f5f8a8317109a9"
"docs","site_libs/quarto-html/tippy.umd.min.js","v1.0.32","d828775275749701b48bd9d958814111"
"docs","site_libs/quarto-nav/headroom.min.js","v1.0.32","ace0360e576db9b6e7df48ac68ddbbf4"
"docs","site_libs/quarto-nav/quarto-nav.js","v1.0.32","12d334846b27bdb493298c08277bdf7f"
"docs","site_libs/quarto-search/autocomplete.umd.js","v1.0.32","c64544db941e048f2652217cb9a7f29c"
"docs","site_libs/quarto-search/fuse.min.js","v1.0.32","de7d60e4a6881074275feca14b84a49d"
"docs","site_libs/quarto-search/quarto-search.js","v1.0.32","bb16b7e73be13eba97c99d25b2a476b3"
"docs","tidyverse.html","v1.0.32","e47bba3c6f1425400f08904e55abf634"
"docs","day1.html","v1.0.31","c3842293ad1cde1adf39c55d83527118"
"docs","day5.html","v1.0.31","b02a539338fac8ae22194ada25e0a9ee"
"docs","ggplot2.html","v1.0.31","2855deff76b2ea16fe516d4e02c49bfa"
"docs","git.html","v1.0.31","c4f9f7a794aefc7d9fc405607e6aec7b"
"docs","index.html","v1.0.31","0b08b6dfed72e59539d5d9dce5dcac4b"
"docs","prac-day-five.html","v1.0.31","89b2cacddb38e0707c85ccdc38549397"
"docs","prac1.html","v1.0.31","19c767b0c9953e8bebf9699ab8f35718"
"docs","projects.html","v1.0.31","72e04741f14a8ec45dbfeec67cc1decd"
"docs","projrsimple.html","v1.0.31","58a1a06dc4491202e0b14b43092e9ce2"
"docs","quarto.html","v1.0.31","db7f196d34e2c2e20b84f432c284277b"
"docs","r.html","v1.0.31","99fab630ec38849b26d94a6742c32e6b"
"docs","search.json","v1.0.31","559a866c391bbe605935108862446158"
"docs","site_libs/bootstrap/bootstrap-ecd39e3c375fd44ab84403253b7e1644.min.css","v1.0.31","ecd39e3c375fd44ab84403253b7e1644"
"docs","site_libs/bootstrap/bootstrap-icons.css","v1.0.31","2318f137d201fbf51601fa0faba6bef7"
"docs","site_libs/bootstrap/bootstrap-icons.woff","v1.0.31","1a51dfbe5467607389d603c02a77cd10"
"docs","site_libs/bootstrap/bootstrap.min.js","v1.0.31","e2b09c06f0e714b6144a6788a28e3950"
"docs","site_libs/clipboard/clipboard.min.js","v1.0.31","15f52a1ee547f2bdd46e56747332ca2d"
"docs","site_libs/quarto-html/anchor.min.js","v1.0.31","91bcf6cd1fd88fec3f109811e5fc3546"
"docs","site_libs/quarto-html/popper.min.js","v1.0.31","3a4a291ccf3f1ea0f82b641542fd3827"
"docs","site_libs/quarto-html/quarto-syntax-highlighting-549806ee2085284f45b00abea8c6df48.css","v1.0.31","549806ee2085284f45b00abea8c6df48"
"docs","site_libs/quarto-html/quarto.js","v1.0.31","b2cce65711e74956eb7b7aa2f4d3943f"
"docs","site_libs/quarto-html/tippy.css","v1.0.31","ebd6f8ce46a677e1a4f5f8a8317109a9"
"docs","site_libs/quarto-html/tippy.umd.min.js","v1.0.31","d828775275749701b48bd9d958814111"
"docs","site_libs/quarto-nav/headroom.min.js","v1.0.31","ace0360e576db9b6e7df48ac68ddbbf4"
"docs","site_libs/quarto-nav/quarto-nav.js","v1.0.31","12d334846b27bdb493298c08277bdf7f"
"docs","site_libs/quarto-search/autocomplete.umd.js","v1.0.31","c64544db941e048f2652217cb9a7f29c"
"docs","site_libs/quarto-search/fuse.min.js","v1.0.31","de7d60e4a6881074275feca14b84a49d"
"docs","site_libs/quarto-search/quarto-search.js","v1.0.31","bb16b7e73be13eba97c99d25b2a476b3"
"docs","tidyverse.html","v1.0.31","6dc0c2dc5856a25aaa37efede61c279a"
"docs","day1.html","v1.0.30","c3842293ad1cde1adf39c55d83527118"
"docs","day5.html","v1.0.30","b02a539338fac8ae22194ada25e0a9ee"
"docs","ggplot2.html","v1.0.30","2855deff76b2ea16fe516d4e02c49bfa"
"docs","git.html","v1.0.30","c4f9f7a794aefc7d9fc405607e6aec7b"
"docs","index.html","v1.0.30","0b08b6dfed72e59539d5d9dce5dcac4b"
"docs","prac-day-five.html","v1.0.30","89b2cacddb38e0707c85ccdc38549397"
"docs","prac1.html","v1.0.30","19c767b0c9953e8bebf9699ab8f35718"
"docs","projects.html","v1.0.30","72e04741f14a8ec45dbfeec67cc1decd"
"docs","projrsimple.html","v1.0.30","58a1a06dc4491202e0b14b43092e9ce2"
"docs","quarto.html","v1.0.30","db7f196d34e2c2e20b84f432c284277b"
"docs","r.html","v1.0.30","99fab630ec38849b26d94a6742c32e6b"
"docs","search.json","v1.0.30","da140284e0ded4373d6e872d1698c08a"
"docs","site_libs/bootstrap/bootstrap-ecd39e3c375fd44ab84403253b7e1644.min.css","v1.0.30","ecd39e3c375fd44ab84403253b7e1644"
"docs","site_libs/bootstrap/bootstrap-icons.css","v1.0.30","2318f137d201fbf51601fa0faba6bef7"
"docs","site_libs/bootstrap/bootstrap-icons.woff","v1.0.30","1a51dfbe5467607389d603c02a77cd10"
"docs","site_libs/bootstrap/bootstrap.min.js","v1.0.30","e2b09c06f0e714b6144a6788a28e3950"
"docs","site_libs/clipboard/clipboard.min.js","v1.0.30","15f52a1ee547f2bdd46e56747332ca2d"
"docs","site_libs/quarto-html/anchor.min.js","v1.0.30","91bcf6cd1fd88fec3f109811e5fc3546"
"docs","site_libs/quarto-html/popper.min.js","v1.0.30","3a4a291ccf3f1ea0f82b641542fd3827"
"docs","site_libs/quarto-html/quarto-syntax-highlighting-549806ee2085284f45b00abea8c6df48.css","v1.0.30","549806ee2085284f45b00abea8c6df48"
"docs","site_libs/quarto-html/quarto.js","v1.0.30","b2cce65711e74956eb7b7aa2f4d3943f"
"docs","site_libs/quarto-html/tippy.css","v1.0.30","ebd6f8ce46a677e1a4f5f8a8317109a9"
"docs","site_libs/quarto-html/tippy.umd.min.js","v1.0.30","d828775275749701b48bd9d958814111"
"docs","site_libs/quarto-nav/headroom.min.js","v1.0.30","ace0360e576db9b6e7df48ac68ddbbf4"
"docs","site_libs/quarto-nav/quarto-nav.js","v1.0.30","12d334846b27bdb493298c08277bdf7f"
"docs","site_libs/quarto-search/autocomplete.umd.js","v1.0.30","c64544db941e048f2652217cb9a7f29c"
"docs","site_libs/quarto-search/fuse.min.js","v1.0.30","de7d60e4a6881074275feca14b84a49d"
"docs","site_libs/quarto-search/quarto-search.js","v1.0.30","bb16b7e73be13eba97c99d25b2a476b3"
"docs","tidyverse.html","v1.0.30","aa15dc102fb89369e376a3a2f52611fe"
"docs","day1.html","v1.0.29","75aad7ba78b635cc4ee611cc64fcb52a"
"docs","day5.html","v1.0.29","2a70270fb6c71980a7063c1dff139615"
"docs","ggplot2.html","v1.0.29","f4e8a3500f3218f11d3124a762bc672e"
"docs","git.html","v1.0.29","6e48467f418b29fc1242de4ba97a5cd7"
"docs","index.html","v1.0.29","9d6d891f29dde5dec32ed6d1da097048"
"docs","prac1.html","v1.0.29","bc728181cdd2a643f78555c4989da816"
"docs","projects.html","v1.0.29","e87054a2af79ceffe3fdf3c0f7da33a2"
"docs","projrsimple.html","v1.0.29","2c70e3cfaaf1511c84498754d98b617f"
"docs","quarto.html","v1.0.29","8afa1dee540451e177da1772f052b672"
"docs","r.html","v1.0.29","b59e0675af31c61093ce9efa641fd781"
"docs","search.json","v1.0.29","2344da996618d5308966b0cb8c43f4e9"
"docs","site_libs/bootstrap/bootstrap-ecd39e3c375fd44ab84403253b7e1644.min.css","v1.0.29","ecd39e3c375fd44ab84403253b7e1644"
"docs","site_libs/bootstrap/bootstrap-icons.css","v1.0.29","2318f137d201fbf51601fa0faba6bef7"
"docs","site_libs/bootstrap/bootstrap-icons.woff","v1.0.29","1a51dfbe5467607389d603c02a77cd10"
"docs","site_libs/bootstrap/bootstrap.min.js","v1.0.29","e2b09c06f0e714b6144a6788a28e3950"
"docs","site_libs/clipboard/clipboard.min.js","v1.0.29","15f52a1ee547f2bdd46e56747332ca2d"
"docs","site_libs/quarto-html/anchor.min.js","v1.0.29","91bcf6cd1fd88fec3f109811e5fc3546"
"docs","site_libs/quarto-html/popper.min.js","v1.0.29","3a4a291ccf3f1ea0f82b641542fd3827"
"docs","site_libs/quarto-html/quarto-syntax-highlighting-549806ee2085284f45b00abea8c6df48.css","v1.0.29","549806ee2085284f45b00abea8c6df48"
"docs","site_libs/quarto-html/quarto.js","v1.0.29","b2cce65711e74956eb7b7aa2f4d3943f"
"docs","site_libs/quarto-html/tippy.css","v1.0.29","ebd6f8ce46a677e1a4f5f8a8317109a9"
"docs","site_libs/quarto-html/tippy.umd.min.js","v1.0.29","d828775275749701b48bd9d958814111"
"docs","site_libs/quarto-nav/headroom.min.js","v1.0.29","ace0360e576db9b6e7df48ac68ddbbf4"
"docs","site_libs/quarto-nav/quarto-nav.js","v1.0.29","12d334846b27bdb493298c08277bdf7f"
"docs","site_libs/quarto-search/autocomplete.umd.js","v1.0.29","c64544db941e048f2652217cb9a7f29c"
"docs","site_libs/quarto-search/fuse.min.js","v1.0.29","de7d60e4a6881074275feca14b84a49d"
"docs","site_libs/quarto-search/quarto-search.js","v1.0.29","bb16b7e73be13eba97c99d25b2a476b3"
"docs","tidyverse.html","v1.0.29","e10f10d6792a88a68a388b8478a181d1"
"docs","day1.html","v1.0.28","75aad7ba78b635cc4ee611cc64fcb52a"
"docs","day5.html","v1.0.28","2a70270fb6c71980a7063c1dff139615"
"docs","ggplot2.html","v1.0.28","f4e8a3500f3218f11d3124a762bc672e"
"docs","git.html","v1.0.28","6e48467f418b29fc1242de4ba97a5cd7"
"docs","index.html","v1.0.28","9d6d891f29dde5dec32ed6d1da097048"
"docs","prac1.html","v1.0.28","bc728181cdd2a643f78555c4989da816"
"docs","projects.html","v1.0.28","e87054a2af79ceffe3fdf3c0f7da33a2"
"docs","projrsimple.html","v1.0.28","2c70e3cfaaf1511c84498754d98b617f"
"docs","quarto.html","v1.0.28","8afa1dee540451e177da1772f052b672"
"docs","r.html","v1.0.28","b59e0675af31c61093ce9efa641fd781"
"docs","search.json","v1.0.28","7058b281295e43ac618014d3ee5f3e37"
"docs","site_libs/bootstrap/bootstrap-ecd39e3c375fd44ab84403253b7e1644.min.css","v1.0.28","ecd39e3c375fd44ab84403253b7e1644"
"docs","site_libs/bootstrap/bootstrap-icons.css","v1.0.28","2318f137d201fbf51601fa0faba6bef7"
"docs","site_libs/bootstrap/bootstrap-icons.woff","v1.0.28","1a51dfbe5467607389d603c02a77cd10"
"docs","site_libs/bootstrap/bootstrap.min.js","v1.0.28","e2b09c06f0e714b6144a6788a28e3950"
"docs","site_libs/clipboard/clipboard.min.js","v1.0.28","15f52a1ee547f2bdd46e56747332ca2d"
"docs","site_libs/quarto-html/anchor.min.js","v1.0.28","91bcf6cd1fd88fec3f109811e5fc3546"
"docs","site_libs/quarto-html/popper.min.js","v1.0.28","3a4a291ccf3f1ea0f82b641542fd3827"
"docs","site_libs/quarto-html/quarto-syntax-highlighting-549806ee2085284f45b00abea8c6df48.css","v1.0.28","549806ee2085284f45b00abea8c6df48"
"docs","site_libs/quarto-html/quarto.js","v1.0.28","b2cce65711e74956eb7b7aa2f4d3943f"
"docs","site_libs/quarto-html/tippy.css","v1.0.28","ebd6f8ce46a677e1a4f5f8a8317109a9"
"docs","site_libs/quarto-html/tippy.umd.min.js","v1.0.28","d828775275749701b48bd9d958814111"
"docs","site_libs/quarto-nav/headroom.min.js","v1.0.28","ace0360e576db9b6e7df48ac68ddbbf4"
"docs","site_libs/quarto-nav/quarto-nav.js","v1.0.28","12d334846b27bdb493298c08277bdf7f"
"docs","site_libs/quarto-search/autocomplete.umd.js","v1.0.28","c64544db941e048f2652217cb9a7f29c"
"docs","site_libs/quarto-search/fuse.min.js","v1.0.28","de7d60e4a6881074275feca14b84a49d"
"docs","site_libs/quarto-search/quarto-search.js","v1.0.28","bb16b7e73be13eba97c99d25b2a476b3"
"docs","tidyverse.html","v1.0.28","7c09eac79d920d92700d92ea42933842"
"docs","day1.html","v1.0.27","75aad7ba78b635cc4ee611cc64fcb52a"
"docs","day5.html","v1.0.27","2a70270fb6c71980a7063c1dff139615"
"docs","ggplot2.html","v1.0.27","f4e8a3500f3218f11d3124a762bc672e"
"docs","git.html","v1.0.27","6e48467f418b29fc1242de4ba97a5cd7"
"docs","index.html","v1.0.27","9d6d891f29dde5dec32ed6d1da097048"
"docs","prac1.html","v1.0.27","bc728181cdd2a643f78555c4989da816"
"docs","projects.html","v1.0.27","e87054a2af79ceffe3fdf3c0f7da33a2"
"docs","projrsimple.html","v1.0.27","2c70e3cfaaf1511c84498754d98b617f"
"docs","quarto.html","v1.0.27","8afa1dee540451e177da1772f052b672"
"docs","r.html","v1.0.27","b59e0675af31c61093ce9efa641fd781"
"docs","search.json","v1.0.27","5f880c787c6d5196893426c1d108f4c2"
"docs","site_libs/bootstrap/bootstrap-ecd39e3c375fd44ab84403253b7e1644.min.css","v1.0.27","ecd39e3c375fd44ab84403253b7e1644"
"docs","site_libs/bootstrap/bootstrap-icons.css","v1.0.27","2318f137d201fbf51601fa0faba6bef7"
"docs","site_libs/bootstrap/bootstrap-icons.woff","v1.0.27","1a51dfbe5467607389d603c02a77cd10"
"docs","site_libs/bootstrap/bootstrap.min.js","v1.0.27","e2b09c06f0e714b6144a6788a28e3950"
"docs","site_libs/clipboard/clipboard.min.js","v1.0.27","15f52a1ee547f2bdd46e56747332ca2d"
"docs","site_libs/quarto-html/anchor.min.js","v1.0.27","91bcf6cd1fd88fec3f109811e5fc3546"
"docs","site_libs/quarto-html/popper.min.js","v1.0.27","3a4a291ccf3f1ea0f82b641542fd3827"
"docs","site_libs/quarto-html/quarto-syntax-highlighting-549806ee2085284f45b00abea8c6df48.css","v1.0.27","549806ee2085284f45b00abea8c6df48"
"docs","site_libs/quarto-html/quarto.js","v1.0.27","b2cce65711e74956eb7b7aa2f4d3943f"
"docs","site_libs/quarto-html/tippy.css","v1.0.27","ebd6f8ce46a677e1a4f5f8a8317109a9"
"docs","site_libs/quarto-html/tippy.umd.min.js","v1.0.27","d828775275749701b48bd9d958814111"
"docs","site_libs/quarto-nav/headroom.min.js","v1.0.27","ace0360e576db9b6e7df48ac68ddbbf4"
"docs","site_libs/quarto-nav/quarto-nav.js","v1.0.27","12d334846b27bdb493298c08277bdf7f"
"docs","site_libs/quarto-search/autocomplete.umd.js","v1.0.27","c64544db941e048f2652217cb9a7f29c"
"docs","site_libs/quarto-search/fuse.min.js","v1.0.27","de7d60e4a6881074275feca14b84a49d"
"docs","site_libs/quarto-search/quarto-search.js","v1.0.27","bb16b7e73be13eba97c99d25b2a476b3"
"docs","tidyverse.html","v1.0.27","6ee6aca2e57053e8f46ef2f18eec74fc"
"docs","day1.html","v1.0.26","469e3e9842ef94d860a90d418745e30c"
"docs","day5.html","v1.0.26","237b31ed0a7cb0941712e98d2f78a878"
"docs","ggplot2.html","v1.0.26","0f3bd2023f951e45817721c8efc0d256"
"docs","git.html","v1.0.26","4a5cb55356e4298e49ce17b465d7e8ea"
"docs","index.html","v1.0.26","56c5b1b2a3552f2ad3afb20e208df15b"
"docs","prac1.html","v1.0.26","76c0c4473df9a32362421df4bd0138b1"
"docs","projects.html","v1.0.26","84c3a236fe2afdbf169a0c5d45ccc524"
"docs","projrsimple.html","v1.0.26","c1d0e51bf830d5841ff2517307cef30f"
"docs","quarto.html","v1.0.26","eceeba4d36d32bbd95785cfc49dbbeab"
"docs","r.html","v1.0.26","c1ba374187de259974fde4352e082f1f"
"docs","search.json","v1.0.26","c76517718f6056c29f6fa6709363bc71"
"docs","site_libs/bootstrap/bootstrap-ecd39e3c375fd44ab84403253b7e1644.min.css","v1.0.26","ecd39e3c375fd44ab84403253b7e1644"
"docs","site_libs/bootstrap/bootstrap-icons.css","v1.0.26","2318f137d201fbf51601fa0faba6bef7"
"docs","site_libs/bootstrap/bootstrap-icons.woff","v1.0.26","1a51dfbe5467607389d603c02a77cd10"
"docs","site_libs/bootstrap/bootstrap.min.js","v1.0.26","e2b09c06f0e714b6144a6788a28e3950"
"docs","site_libs/clipboard/clipboard.min.js","v1.0.26","15f52a1ee547f2bdd46e56747332ca2d"
"docs","site_libs/quarto-html/anchor.min.js","v1.0.26","91bcf6cd1fd88fec3f109811e5fc3546"
"docs","site_libs/quarto-html/popper.min.js","v1.0.26","3a4a291ccf3f1ea0f82b641542fd3827"
"docs","site_libs/quarto-html/quarto-syntax-highlighting-549806ee2085284f45b00abea8c6df48.css","v1.0.26","549806ee2085284f45b00abea8c6df48"
"docs","site_libs/quarto-html/quarto.js","v1.0.26","b2cce65711e74956eb7b7aa2f4d3943f"
"docs","site_libs/quarto-html/tippy.css","v1.0.26","ebd6f8ce46a677e1a4f5f8a8317109a9"
"docs","site_libs/quarto-html/tippy.umd.min.js","v1.0.26","d828775275749701b48bd9d958814111"
"docs","site_libs/quarto-nav/headroom.min.js","v1.0.26","ace0360e576db9b6e7df48ac68ddbbf4"
"docs","site_libs/quarto-nav/quarto-nav.js","v1.0.26","12d334846b27bdb493298c08277bdf7f"
"docs","site_libs/quarto-search/autocomplete.umd.js","v1.0.26","c64544db941e048f2652217cb9a7f29c"
"docs","site_libs/quarto-search/fuse.min.js","v1.0.26","de7d60e4a6881074275feca14b84a49d"
"docs","site_libs/quarto-search/quarto-search.js","v1.0.26","bb16b7e73be13eba97c99d25b2a476b3"
"docs","tidyverse.html","v1.0.26","2da6f06bf555bb4811ea57a1e1f7f865"
"docs","day1.html","v1.0.25","1a2ea52f2d570dcf03809e3dee37cecb"
"docs","day5.html","v1.0.25","6905647f38baf3bb2145205f0269deb8"
"docs","ggplot2.html","v1.0.25","3445438edebd3eea209e3fdb63b0e577"
"docs","git.html","v1.0.25","0a6fbcc19ad30d7a94c8a1f276b19694"
"docs","index.html","v1.0.25","18fbbfdc06d8a3e9dba205548ac8a1d5"
"docs","prac1.html","v1.0.25","0ee049f62ad4f6488edb0bb569f65ba4"
"docs","projects.html","v1.0.25","b102812772333ff3e21b5de724a2afe8"
"docs","projrsimple.html","v1.0.25","f998bb5db2f2d56e1115f4734f286544"
"docs","quarto.html","v1.0.25","cf9043f89ca96686bc02e2b8ef3b7189"
"docs","r.html","v1.0.25","99acf6597e202d2a5b6a83d1aec61be5"
"docs","search.json","v1.0.25","3364144cc476f74e3b3d872a6677470c"
"docs","site_libs/bootstrap/bootstrap-ecd39e3c375fd44ab84403253b7e1644.min.css","v1.0.25","ecd39e3c375fd44ab84403253b7e1644"
"docs","site_libs/bootstrap/bootstrap-icons.css","v1.0.25","2318f137d201fbf51601fa0faba6bef7"
"docs","site_libs/bootstrap/bootstrap-icons.woff","v1.0.25","1a51dfbe5467607389d603c02a77cd10"
"docs","site_libs/bootstrap/bootstrap.min.js","v1.0.25","e2b09c06f0e714b6144a6788a28e3950"
"docs","site_libs/clipboard/clipboard.min.js","v1.0.25","15f52a1ee547f2bdd46e56747332ca2d"
"docs","site_libs/quarto-html/anchor.min.js","v1.0.25","91bcf6cd1fd88fec3f109811e5fc3546"
"docs","site_libs/quarto-html/popper.min.js","v1.0.25","3a4a291ccf3f1ea0f82b641542fd3827"
"docs","site_libs/quarto-html/quarto-syntax-highlighting-549806ee2085284f45b00abea8c6df48.css","v1.0.25","549806ee2085284f45b00abea8c6df48"
"docs","site_libs/quarto-html/quarto.js","v1.0.25","b2cce65711e74956eb7b7aa2f4d3943f"
"docs","site_libs/quarto-html/tippy.css","v1.0.25","ebd6f8ce46a677e1a4f5f8a8317109a9"
"docs","site_libs/quarto-html/tippy.umd.min.js","v1.0.25","d828775275749701b48bd9d958814111"
"docs","site_libs/quarto-nav/headroom.min.js","v1.0.25","ace0360e576db9b6e7df48ac68ddbbf4"
"docs","site_libs/quarto-nav/quarto-nav.js","v1.0.25","12d334846b27bdb493298c08277bdf7f"
"docs","site_libs/quarto-search/autocomplete.umd.js","v1.0.25","c64544db941e048f2652217cb9a7f29c"
"docs","site_libs/quarto-search/fuse.min.js","v1.0.25","de7d60e4a6881074275feca14b84a49d"
"docs","site_libs/quarto-search/quarto-search.js","v1.0.25","bb16b7e73be13eba97c99d25b2a476b3"
"docs","tidyverse.html","v1.0.25","d5f8db968a22506c5f4a6b441f3c7aba"
"docs","day1.html","v1.0.24","1a2ea52f2d570dcf03809e3dee37cecb"
"docs","day5.html","v1.0.24","6905647f38baf3bb2145205f0269deb8"
"docs","ggplot2.html","v1.0.24","3445438edebd3eea209e3fdb63b0e577"
"docs","git.html","v1.0.24","0a6fbcc19ad30d7a94c8a1f276b19694"
"docs","index.html","v1.0.24","18fbbfdc06d8a3e9dba205548ac8a1d5"
"docs","prac1.html","v1.0.24","0ee049f62ad4f6488edb0bb569f65ba4"
"docs","projects.html","v1.0.24","b102812772333ff3e21b5de724a2afe8"
"docs","projrsimple.html","v1.0.24","f998bb5db2f2d56e1115f4734f286544"
"docs","quarto.html","v1.0.24","cf9043f89ca96686bc02e2b8ef3b7189"
"docs","r.html","v1.0.24","99acf6597e202d2a5b6a83d1aec61be5"
"docs","search.json","v1.0.24","c712cee64a151ebb51c8841ba00bdc51"
"docs","site_libs/bootstrap/bootstrap-ecd39e3c375fd44ab84403253b7e1644.min.css","v1.0.24","ecd39e3c375fd44ab84403253b7e1644"
"docs","site_libs/bootstrap/bootstrap-icons.css","v1.0.24","2318f137d201fbf51601fa0faba6bef7"
"docs","site_libs/bootstrap/bootstrap-icons.woff","v1.0.24","1a51dfbe5467607389d603c02a77cd10"
"docs","site_libs/bootstrap/bootstrap.min.js","v1.0.24","e2b09c06f0e714b6144a6788a28e3950"
"docs","site_libs/clipboard/clipboard.min.js","v1.0.24","15f52a1ee547f2bdd46e56747332ca2d"
"docs","site_libs/quarto-html/anchor.min.js","v1.0.24","91bcf6cd1fd88fec3f109811e5fc3546"
"docs","site_libs/quarto-html/popper.min.js","v1.0.24","3a4a291ccf3f1ea0f82b641542fd3827"
"docs","site_libs/quarto-html/quarto-syntax-highlighting-549806ee2085284f45b00abea8c6df48.css","v1.0.24","549806ee2085284f45b00abea8c6df48"
"docs","site_libs/quarto-html/quarto.js","v1.0.24","b2cce65711e74956eb7b7aa2f4d3943f"
"docs","site_libs/quarto-html/tippy.css","v1.0.24","ebd6f8ce46a677e1a4f5f8a8317109a9"
"docs","site_libs/quarto-html/tippy.umd.min.js","v1.0.24","d828775275749701b48bd9d958814111"
"docs","site_libs/quarto-nav/headroom.min.js","v1.0.24","ace0360e576db9b6e7df48ac68ddbbf4"
"docs","site_libs/quarto-nav/quarto-nav.js","v1.0.24","12d334846b27bdb493298c08277bdf7f"
"docs","site_libs/quarto-search/autocomplete.umd.js","v1.0.24","c64544db941e048f2652217cb9a7f29c"
"docs","site_libs/quarto-search/fuse.min.js","v1.0.24","de7d60e4a6881074275feca14b84a49d"
"docs","site_libs/quarto-search/quarto-search.js","v1.0.24","bb16b7e73be13eba97c99d25b2a476b3"
"docs","tidyverse.html","v1.0.24","951ac083927c68a0b7c640cd6a444d91"
"docs","day1.html","v1.0.23","568560a6ce1a9fc65b618c48b74767d1"
"docs","day5.html","v1.0.23","2b728441d45b8038b139fe24f602448f"
"docs","ggplot2.html","v1.0.23","3c7aad8b2516b4be8b5bd6db46fa0920"
"docs","git.html","v1.0.23","1c0c1e69ff5f6360653149afac1b9482"
"docs","index.html","v1.0.23","6426b326eb677f3c9f95919146c7b67f"
"docs","prac1.html","v1.0.23","4ba5df384f8d006a9fab68640908e982"
"docs","projects.html","v1.0.23","b8adbacbbf8e21472b2c338d0c1c38ef"
"docs","projrsimple.html","v1.0.23","9d880734551a14538c3862a6b0cbcda6"
"docs","quarto.html","v1.0.23","497e6039b562127941b05d89ca38087d"
"docs","r.html","v1.0.23","63aff90383307811efd1bba09e0cb889"
"docs","search.json","v1.0.23","bc910bb9c2e50d755e0712e77e0aa5dd"
"docs","site_libs/bootstrap/bootstrap-ecd39e3c375fd44ab84403253b7e1644.min.css","v1.0.23","ecd39e3c375fd44ab84403253b7e1644"
"docs","site_libs/bootstrap/bootstrap-icons.css","v1.0.23","2318f137d201fbf51601fa0faba6bef7"
"docs","site_libs/bootstrap/bootstrap-icons.woff","v1.0.23","1a51dfbe5467607389d603c02a77cd10"
"docs","site_libs/bootstrap/bootstrap.min.js","v1.0.23","e2b09c06f0e714b6144a6788a28e3950"
"docs","site_libs/clipboard/clipboard.min.js","v1.0.23","15f52a1ee547f2bdd46e56747332ca2d"
"docs","site_libs/quarto-html/anchor.min.js","v1.0.23","91bcf6cd1fd88fec3f109811e5fc3546"
"docs","site_libs/quarto-html/popper.min.js","v1.0.23","3a4a291ccf3f1ea0f82b641542fd3827"
"docs","site_libs/quarto-html/quarto-syntax-highlighting-549806ee2085284f45b00abea8c6df48.css","v1.0.23","549806ee2085284f45b00abea8c6df48"
"docs","site_libs/quarto-html/quarto.js","v1.0.23","b2cce65711e74956eb7b7aa2f4d3943f"
"docs","site_libs/quarto-html/tippy.css","v1.0.23","ebd6f8ce46a677e1a4f5f8a8317109a9"
"docs","site_libs/quarto-html/tippy.umd.min.js","v1.0.23","d828775275749701b48bd9d958814111"
"docs","site_libs/quarto-nav/headroom.min.js","v1.0.23","ace0360e576db9b6e7df48ac68ddbbf4"
"docs","site_libs/quarto-nav/quarto-nav.js","v1.0.23","12d334846b27bdb493298c08277bdf7f"
"docs","site_libs/quarto-search/autocomplete.umd.js","v1.0.23","c64544db941e048f2652217cb9a7f29c"
"docs","site_libs/quarto-search/fuse.min.js","v1.0.23","de7d60e4a6881074275feca14b84a49d"
"docs","site_libs/quarto-search/quarto-search.js","v1.0.23","bb16b7e73be13eba97c99d25b2a476b3"
"docs","tidyverse.html","v1.0.23","9f9a2d4c6668f5ca8f77911b9bfeb571"
"docs","day1.html","v1.0.22","568560a6ce1a9fc65b618c48b74767d1"
"docs","day5.html","v1.0.22","2b728441d45b8038b139fe24f602448f"
"docs","ggplot2.html","v1.0.22","3c7aad8b2516b4be8b5bd6db46fa0920"
"docs","git.html","v1.0.22","1c0c1e69ff5f6360653149afac1b9482"
"docs","index.html","v1.0.22","6426b326eb677f3c9f95919146c7b67f"
"docs","prac1.html","v1.0.22","4ba5df384f8d006a9fab68640908e982"
"docs","projects.html","v1.0.22","b8adbacbbf8e21472b2c338d0c1c38ef"
"docs","projrsimple.html","v1.0.22","9d880734551a14538c3862a6b0cbcda6"
"docs","quarto.html","v1.0.22","497e6039b562127941b05d89ca38087d"
"docs","r.html","v1.0.22","63aff90383307811efd1bba09e0cb889"
"docs","search.json","v1.0.22","a78b0ec2d103631a123feb193b672ccb"
"docs","site_libs/bootstrap/bootstrap-ecd39e3c375fd44ab84403253b7e1644.min.css","v1.0.22","ecd39e3c375fd44ab84403253b7e1644"
"docs","site_libs/bootstrap/bootstrap-icons.css","v1.0.22","2318f137d201fbf51601fa0faba6bef7"
"docs","site_libs/bootstrap/bootstrap-icons.woff","v1.0.22","1a51dfbe5467607389d603c02a77cd10"
"docs","site_libs/bootstrap/bootstrap.min.js","v1.0.22","e2b09c06f0e714b6144a6788a28e3950"
"docs","site_libs/clipboard/clipboard.min.js","v1.0.22","15f52a1ee547f2bdd46e56747332ca2d"
"docs","site_libs/quarto-html/anchor.min.js","v1.0.22","91bcf6cd1fd88fec3f109811e5fc3546"
"docs","site_libs/quarto-html/popper.min.js","v1.0.22","3a4a291ccf3f1ea0f82b641542fd3827"
"docs","site_libs/quarto-html/quarto-syntax-highlighting-549806ee2085284f45b00abea8c6df48.css","v1.0.22","549806ee2085284f45b00abea8c6df48"
"docs","site_libs/quarto-html/quarto.js","v1.0.22","b2cce65711e74956eb7b7aa2f4d3943f"
"docs","site_libs/quarto-html/tippy.css","v1.0.22","ebd6f8ce46a677e1a4f5f8a8317109a9"
"docs","site_libs/quarto-html/tippy.umd.min.js","v1.0.22","d828775275749701b48bd9d958814111"
"docs","site_libs/quarto-nav/headroom.min.js","v1.0.22","ace0360e576db9b6e7df48ac68ddbbf4"
"docs","site_libs/quarto-nav/quarto-nav.js","v1.0.22","12d334846b27bdb493298c08277bdf7f"
"docs","site_libs/quarto-search/autocomplete.umd.js","v1.0.22","c64544db941e048f2652217cb9a7f29c"
"docs","site_libs/quarto-search/fuse.min.js","v1.0.22","de7d60e4a6881074275feca14b84a49d"
"docs","site_libs/quarto-search/quarto-search.js","v1.0.22","bb16b7e73be13eba97c99d25b2a476b3"
"docs","tidyverse.html","v1.0.22","21f05f729cd3a872b207ca235891cdc1"
"docs","day1.html","v1.0.21","568560a6ce1a9fc65b618c48b74767d1"
"docs","day5.html","v1.0.21","2b728441d45b8038b139fe24f602448f"
"docs","ggplot2.html","v1.0.21","3c7aad8b2516b4be8b5bd6db46fa0920"
"docs","git.html","v1.0.21","1c0c1e69ff5f6360653149afac1b9482"
"docs","index.html","v1.0.21","6426b326eb677f3c9f95919146c7b67f"
"docs","prac1.html","v1.0.21","4ba5df384f8d006a9fab68640908e982"
"docs","projects.html","v1.0.21","b8adbacbbf8e21472b2c338d0c1c38ef"
"docs","projrsimple.html","v1.0.21","9d880734551a14538c3862a6b0cbcda6"
"docs","quarto.html","v1.0.21","497e6039b562127941b05d89ca38087d"
"docs","r.html","v1.0.21","63aff90383307811efd1bba09e0cb889"
"docs","search.json","v1.0.21","1859da2da5564d43105dfff8a06557e2"
"docs","site_libs/bootstrap/bootstrap-ecd39e3c375fd44ab84403253b7e1644.min.css","v1.0.21","ecd39e3c375fd44ab84403253b7e1644"
"docs","site_libs/bootstrap/bootstrap-icons.css","v1.0.21","2318f137d201fbf51601fa0faba6bef7"
"docs","site_libs/bootstrap/bootstrap-icons.woff","v1.0.21","1a51dfbe5467607389d603c02a77cd10"
"docs","site_libs/bootstrap/bootstrap.min.js","v1.0.21","e2b09c06f0e714b6144a6788a28e3950"
"docs","site_libs/clipboard/clipboard.min.js","v1.0.21","15f52a1ee547f2bdd46e56747332ca2d"
"docs","site_libs/quarto-html/anchor.min.js","v1.0.21","91bcf6cd1fd88fec3f109811e5fc3546"
"docs","site_libs/quarto-html/popper.min.js","v1.0.21","3a4a291ccf3f1ea0f82b641542fd3827"
"docs","site_libs/quarto-html/quarto-syntax-highlighting-549806ee2085284f45b00abea8c6df48.css","v1.0.21","549806ee2085284f45b00abea8c6df48"
"docs","site_libs/quarto-html/quarto.js","v1.0.21","b2cce65711e74956eb7b7aa2f4d3943f"
"docs","site_libs/quarto-html/tippy.css","v1.0.21","ebd6f8ce46a677e1a4f5f8a8317109a9"
"docs","site_libs/quarto-html/tippy.umd.min.js","v1.0.21","d828775275749701b48bd9d958814111"
"docs","site_libs/quarto-nav/headroom.min.js","v1.0.21","ace0360e576db9b6e7df48ac68ddbbf4"
"docs","site_libs/quarto-nav/quarto-nav.js","v1.0.21","12d334846b27bdb493298c08277bdf7f"
"docs","site_libs/quarto-search/autocomplete.umd.js","v1.0.21","c64544db941e048f2652217cb9a7f29c"
"docs","site_libs/quarto-search/fuse.min.js","v1.0.21","de7d60e4a6881074275feca14b84a49d"
"docs","site_libs/quarto-search/quarto-search.js","v1.0.21","bb16b7e73be13eba97c99d25b2a476b3"
"docs","tidyverse.html","v1.0.21","27d9446ce01cf74db2061a985db06b70"
"docs","day1.html","v1.0.20","568560a6ce1a9fc65b618c48b74767d1"
"docs","day5.html","v1.0.20","2b728441d45b8038b139fe24f602448f"
"docs","ggplot2.html","v1.0.20","3c7aad8b2516b4be8b5bd6db46fa0920"
"docs","git.html","v1.0.20","1c0c1e69ff5f6360653149afac1b9482"
"docs","index.html","v1.0.20","6426b326eb677f3c9f95919146c7b67f"
"docs","prac1.html","v1.0.20","4ba5df384f8d006a9fab68640908e982"
"docs","projects.html","v1.0.20","b8adbacbbf8e21472b2c338d0c1c38ef"
"docs","projrsimple.html","v1.0.20","9d880734551a14538c3862a6b0cbcda6"
"docs","quarto.html","v1.0.20","497e6039b562127941b05d89ca38087d"
"docs","r.html","v1.0.20","63aff90383307811efd1bba09e0cb889"
"docs","search.json","v1.0.20","c4de58f6472293f41b7f194c53e0d1c3"
"docs","site_libs/bootstrap/bootstrap-ecd39e3c375fd44ab84403253b7e1644.min.css","v1.0.20","ecd39e3c375fd44ab84403253b7e1644"
"docs","site_libs/bootstrap/bootstrap-icons.css","v1.0.20","2318f137d201fbf51601fa0faba6bef7"
"docs","site_libs/bootstrap/bootstrap-icons.woff","v1.0.20","1a51dfbe5467607389d603c02a77cd10"
"docs","site_libs/bootstrap/bootstrap.min.js","v1.0.20","e2b09c06f0e714b6144a6788a28e3950"
"docs","site_libs/clipboard/clipboard.min.js","v1.0.20","15f52a1ee547f2bdd46e56747332ca2d"
"docs","site_libs/quarto-html/anchor.min.js","v1.0.20","91bcf6cd1fd88fec3f109811e5fc3546"
"docs","site_libs/quarto-html/popper.min.js","v1.0.20","3a4a291ccf3f1ea0f82b641542fd3827"
"docs","site_libs/quarto-html/quarto-syntax-highlighting-549806ee2085284f45b00abea8c6df48.css","v1.0.20","549806ee2085284f45b00abea8c6df48"
"docs","site_libs/quarto-html/quarto.js","v1.0.20","b2cce65711e74956eb7b7aa2f4d3943f"
"docs","site_libs/quarto-html/tippy.css","v1.0.20","ebd6f8ce46a677e1a4f5f8a8317109a9"
"docs","site_libs/quarto-html/tippy.umd.min.js","v1.0.20","d828775275749701b48bd9d958814111"
"docs","site_libs/quarto-nav/headroom.min.js","v1.0.20","ace0360e576db9b6e7df48ac68ddbbf4"
"docs","site_libs/quarto-nav/quarto-nav.js","v1.0.20","12d334846b27bdb493298c08277bdf7f"
"docs","site_libs/quarto-search/autocomplete.umd.js","v1.0.20","c64544db941e048f2652217cb9a7f29c"
"docs","site_libs/quarto-search/fuse.min.js","v1.0.20","de7d60e4a6881074275feca14b84a49d"
"docs","site_libs/quarto-search/quarto-search.js","v1.0.20","bb16b7e73be13eba97c99d25b2a476b3"
"docs","tidyverse.html","v1.0.20","ca3e327c8677ef9e0aca09bdaea102e3"
"docs","day1.html","v1.0.19","568560a6ce1a9fc65b618c48b74767d1"
"docs","day5.html","v1.0.19","2b728441d45b8038b139fe24f602448f"
"docs","ggplot2.html","v1.0.19","3c7aad8b2516b4be8b5bd6db46fa0920"
"docs","git.html","v1.0.19","1c0c1e69ff5f6360653149afac1b9482"
"docs","index.html","v1.0.19","6426b326eb677f3c9f95919146c7b67f"
"docs","prac1.html","v1.0.19","4ba5df384f8d006a9fab68640908e982"
"docs","projects.html","v1.0.19","b8adbacbbf8e21472b2c338d0c1c38ef"
"docs","projrsimple.html","v1.0.19","9d880734551a14538c3862a6b0cbcda6"
"docs","quarto.html","v1.0.19","497e6039b562127941b05d89ca38087d"
"docs","r.html","v1.0.19","63aff90383307811efd1bba09e0cb889"
"docs","search.json","v1.0.19","4b49bb419d0f63c45a68603ec0c7092a"
"docs","site_libs/bootstrap/bootstrap-ecd39e3c375fd44ab84403253b7e1644.min.css","v1.0.19","ecd39e3c375fd44ab84403253b7e1644"
"docs","site_libs/bootstrap/bootstrap-icons.css","v1.0.19","2318f137d201fbf51601fa0faba6bef7"
"docs","site_libs/bootstrap/bootstrap-icons.woff","v1.0.19","1a51dfbe5467607389d603c02a77cd10"
"docs","site_libs/bootstrap/bootstrap.min.js","v1.0.19","e2b09c06f0e714b6144a6788a28e3950"
"docs","site_libs/clipboard/clipboard.min.js","v1.0.19","15f52a1ee547f2bdd46e56747332ca2d"
"docs","site_libs/quarto-html/anchor.min.js","v1.0.19","91bcf6cd1fd88fec3f109811e5fc3546"
"docs","site_libs/quarto-html/popper.min.js","v1.0.19","3a4a291ccf3f1ea0f82b641542fd3827"
"docs","site_libs/quarto-html/quarto-syntax-highlighting-549806ee2085284f45b00abea8c6df48.css","v1.0.19","549806ee2085284f45b00abea8c6df48"
"docs","site_libs/quarto-html/quarto.js","v1.0.19","b2cce65711e74956eb7b7aa2f4d3943f"
"docs","site_libs/quarto-html/tippy.css","v1.0.19","ebd6f8ce46a677e1a4f5f8a8317109a9"
"docs","site_libs/quarto-html/tippy.umd.min.js","v1.0.19","d828775275749701b48bd9d958814111"
"docs","site_libs/quarto-nav/headroom.min.js","v1.0.19","ace0360e576db9b6e7df48ac68ddbbf4"
"docs","site_libs/quarto-nav/quarto-nav.js","v1.0.19","12d334846b27bdb493298c08277bdf7f"
"docs","site_libs/quarto-search/autocomplete.umd.js","v1.0.19","c64544db941e048f2652217cb9a7f29c"
"docs","site_libs/quarto-search/fuse.min.js","v1.0.19","de7d60e4a6881074275feca14b84a49d"
"docs","site_libs/quarto-search/quarto-search.js","v1.0.19","bb16b7e73be13eba97c99d25b2a476b3"
"docs","tidyverse.html","v1.0.19","da7af10e048b25259811ab193ed6b75c"
"docs","day1.html","v1.0.18","568560a6ce1a9fc65b618c48b74767d1"
"docs","day5.html","v1.0.18","2b728441d45b8038b139fe24f602448f"
"docs","ggplot2.html","v1.0.18","74b6cc4ffbc8f568ed9616ba5dfc1a59"
"docs","git.html","v1.0.18","1c0c1e69ff5f6360653149afac1b9482"
"docs","index.html","v1.0.18","6426b326eb677f3c9f95919146c7b67f"
"docs","prac1.html","v1.0.18","4ba5df384f8d006a9fab68640908e982"
"docs","projects.html","v1.0.18","b8adbacbbf8e21472b2c338d0c1c38ef"
"docs","projrsimple.html","v1.0.18","9d880734551a14538c3862a6b0cbcda6"
"docs","quarto.html","v1.0.18","497e6039b562127941b05d89ca38087d"
"docs","r.html","v1.0.18","63aff90383307811efd1bba09e0cb889"
"docs","search.json","v1.0.18","57009ec0064da4ddfeaf88687fb13327"
"docs","site_libs/bootstrap/bootstrap-ecd39e3c375fd44ab84403253b7e1644.min.css","v1.0.18","ecd39e3c375fd44ab84403253b7e1644"
"docs","site_libs/bootstrap/bootstrap-icons.css","v1.0.18","2318f137d201fbf51601fa0faba6bef7"
"docs","site_libs/bootstrap/bootstrap-icons.woff","v1.0.18","1a51dfbe5467607389d603c02a77cd10"
"docs","site_libs/bootstrap/bootstrap.min.js","v1.0.18","e2b09c06f0e714b6144a6788a28e3950"
"docs","site_libs/clipboard/clipboard.min.js","v1.0.18","15f52a1ee547f2bdd46e56747332ca2d"
"docs","site_libs/quarto-html/anchor.min.js","v1.0.18","91bcf6cd1fd88fec3f109811e5fc3546"
"docs","site_libs/quarto-html/popper.min.js","v1.0.18","3a4a291ccf3f1ea0f82b641542fd3827"
"docs","site_libs/quarto-html/quarto-syntax-highlighting-549806ee2085284f45b00abea8c6df48.css","v1.0.18","549806ee2085284f45b00abea8c6df48"
"docs","site_libs/quarto-html/quarto.js","v1.0.18","b2cce65711e74956eb7b7aa2f4d3943f"
"docs","site_libs/quarto-html/tippy.css","v1.0.18","ebd6f8ce46a677e1a4f5f8a8317109a9"
"docs","site_libs/quarto-html/tippy.umd.min.js","v1.0.18","d828775275749701b48bd9d958814111"
"docs","site_libs/quarto-nav/headroom.min.js","v1.0.18","ace0360e576db9b6e7df48ac68ddbbf4"
"docs","site_libs/quarto-nav/quarto-nav.js","v1.0.18","12d334846b27bdb493298c08277bdf7f"
"docs","site_libs/quarto-search/autocomplete.umd.js","v1.0.18","c64544db941e048f2652217cb9a7f29c"
"docs","site_libs/quarto-search/fuse.min.js","v1.0.18","de7d60e4a6881074275feca14b84a49d"
"docs","site_libs/quarto-search/quarto-search.js","v1.0.18","bb16b7e73be13eba97c99d25b2a476b3"
"docs","tidyverse.html","v1.0.18","85b9a26d1bf5d042dc76f60a05b6d022"
"docs","day1.html","v1.0.17","568560a6ce1a9fc65b618c48b74767d1"
"docs","day5.html","v1.0.17","2b728441d45b8038b139fe24f602448f"
"docs","ggplot2.html","v1.0.17","74b6cc4ffbc8f568ed9616ba5dfc1a59"
"docs","git.html","v1.0.17","1c0c1e69ff5f6360653149afac1b9482"
"docs","index.html","v1.0.17","6426b326eb677f3c9f95919146c7b67f"
"docs","prac1.html","v1.0.17","4ba5df384f8d006a9fab68640908e982"
"docs","projects.html","v1.0.17","b8adbacbbf8e21472b2c338d0c1c38ef"
"docs","projrsimple.html","v1.0.17","9d880734551a14538c3862a6b0cbcda6"
"docs","quarto.html","v1.0.17","497e6039b562127941b05d89ca38087d"
"docs","r.html","v1.0.17","63aff90383307811efd1bba09e0cb889"
"docs","search.json","v1.0.17","4479b835e3fb4bd93ecbf220be501d31"
"docs","site_libs/bootstrap/bootstrap-ecd39e3c375fd44ab84403253b7e1644.min.css","v1.0.17","ecd39e3c375fd44ab84403253b7e1644"
"docs","site_libs/bootstrap/bootstrap-icons.css","v1.0.17","2318f137d201fbf51601fa0faba6bef7"
"docs","site_libs/bootstrap/bootstrap-icons.woff","v1.0.17","1a51dfbe5467607389d603c02a77cd10"
"docs","site_libs/bootstrap/bootstrap.min.js","v1.0.17","e2b09c06f0e714b6144a6788a28e3950"
"docs","site_libs/clipboard/clipboard.min.js","v1.0.17","15f52a1ee547f2bdd46e56747332ca2d"
"docs","site_libs/quarto-html/anchor.min.js","v1.0.17","91bcf6cd1fd88fec3f109811e5fc3546"
"docs","site_libs/quarto-html/popper.min.js","v1.0.17","3a4a291ccf3f1ea0f82b641542fd3827"
"docs","site_libs/quarto-html/quarto-syntax-highlighting-549806ee2085284f45b00abea8c6df48.css","v1.0.17","549806ee2085284f45b00abea8c6df48"
"docs","site_libs/quarto-html/quarto.js","v1.0.17","b2cce65711e74956eb7b7aa2f4d3943f"
"docs","site_libs/quarto-html/tippy.css","v1.0.17","ebd6f8ce46a677e1a4f5f8a8317109a9"
"docs","site_libs/quarto-html/tippy.umd.min.js","v1.0.17","d828775275749701b48bd9d958814111"
"docs","site_libs/quarto-nav/headroom.min.js","v1.0.17","ace0360e576db9b6e7df48ac68ddbbf4"
"docs","site_libs/quarto-nav/quarto-nav.js","v1.0.17","12d334846b27bdb493298c08277bdf7f"
"docs","site_libs/quarto-search/autocomplete.umd.js","v1.0.17","c64544db941e048f2652217cb9a7f29c"
"docs","site_libs/quarto-search/fuse.min.js","v1.0.17","de7d60e4a6881074275feca14b84a49d"
"docs","site_libs/quarto-search/quarto-search.js","v1.0.17","bb16b7e73be13eba97c99d25b2a476b3"
"docs","tidyverse.html","v1.0.17","ddf1a70a37925cf9f504e81ad5638c61"
"docs","day1.html","v1.0.16","5961c9c77ca3d1e857f6cf77f22c41e8"
"docs","day5.html","v1.0.16","ecdbaf754e7efede9abafadc37feba11"
"docs","ggplot2.html","v1.0.16","2cb14505967c9fc01d962680fd129b56"
"docs","git.html","v1.0.16","929a82160066bd3541a71b7e2acb664b"
"docs","index.html","v1.0.16","45d969a6670875e6e1ac140b079f9031"
"docs","prac1.html","v1.0.16","07f7b1f77c49686d1e31f2a0887b35ee"
"docs","projects.html","v1.0.16","c40e92b13eee5745c2b136bb3937ccfe"
"docs","projrsimple.html","v1.0.16","e1d41c9a32aa681df7b57dfbc191e21e"
"docs","quarto.html","v1.0.16","a5700390c4fe9d2834ece45fcd3cb2ff"
"docs","r.html","v1.0.16","001235884bf5d378111850c186c2f694"
"docs","search.json","v1.0.16","80ef6bd49f5a33a1a7df717b71d34498"
"docs","site_libs/bootstrap/bootstrap-ecd39e3c375fd44ab84403253b7e1644.min.css","v1.0.16","ecd39e3c375fd44ab84403253b7e1644"
"docs","site_libs/bootstrap/bootstrap-icons.css","v1.0.16","2318f137d201fbf51601fa0faba6bef7"
"docs","site_libs/bootstrap/bootstrap-icons.woff","v1.0.16","1a51dfbe5467607389d603c02a77cd10"
"docs","site_libs/bootstrap/bootstrap.min.js","v1.0.16","e2b09c06f0e714b6144a6788a28e3950"
"docs","site_libs/clipboard/clipboard.min.js","v1.0.16","15f52a1ee547f2bdd46e56747332ca2d"
"docs","site_libs/quarto-html/anchor.min.js","v1.0.16","91bcf6cd1fd88fec3f109811e5fc3546"
"docs","site_libs/quarto-html/popper.min.js","v1.0.16","3a4a291ccf3f1ea0f82b641542fd3827"
"docs","site_libs/quarto-html/quarto-syntax-highlighting-549806ee2085284f45b00abea8c6df48.css","v1.0.16","549806ee2085284f45b00abea8c6df48"
"docs","site_libs/quarto-html/quarto.js","v1.0.16","b2cce65711e74956eb7b7aa2f4d3943f"
"docs","site_libs/quarto-html/tippy.css","v1.0.16","ebd6f8ce46a677e1a4f5f8a8317109a9"
"docs","site_libs/quarto-html/tippy.umd.min.js","v1.0.16","d828775275749701b48bd9d958814111"
"docs","site_libs/quarto-nav/headroom.min.js","v1.0.16","ace0360e576db9b6e7df48ac68ddbbf4"
"docs","site_libs/quarto-nav/quarto-nav.js","v1.0.16","12d334846b27bdb493298c08277bdf7f"
"docs","site_libs/quarto-search/autocomplete.umd.js","v1.0.16","c64544db941e048f2652217cb9a7f29c"
"docs","site_libs/quarto-search/fuse.min.js","v1.0.16","de7d60e4a6881074275feca14b84a49d"
"docs","site_libs/quarto-search/quarto-search.js","v1.0.16","bb16b7e73be13eba97c99d25b2a476b3"
"docs","tidyverse.html","v1.0.16","4bcd950eed0f4b7d114bd4d1bbe88a76"
"docs","day1.html","v1.0.15","5961c9c77ca3d1e857f6cf77f22c41e8"
"docs","day5.html","v1.0.15","ecdbaf754e7efede9abafadc37feba11"
"docs","ggplot2.html","v1.0.15","2cb14505967c9fc01d962680fd129b56"
"docs","git.html","v1.0.15","929a82160066bd3541a71b7e2acb664b"
"docs","index.html","v1.0.15","45d969a6670875e6e1ac140b079f9031"
"docs","prac1.html","v1.0.15","07f7b1f77c49686d1e31f2a0887b35ee"
"docs","projects.html","v1.0.15","c40e92b13eee5745c2b136bb3937ccfe"
"docs","projrsimple.html","v1.0.15","e1d41c9a32aa681df7b57dfbc191e21e"
"docs","quarto.html","v1.0.15","a5700390c4fe9d2834ece45fcd3cb2ff"
"docs","r.html","v1.0.15","001235884bf5d378111850c186c2f694"
"docs","search.json","v1.0.15","2af52db5e334362c895f41b575108784"
"docs","site_libs/bootstrap/bootstrap-ecd39e3c375fd44ab84403253b7e1644.min.css","v1.0.15","ecd39e3c375fd44ab84403253b7e1644"
"docs","site_libs/bootstrap/bootstrap-icons.css","v1.0.15","2318f137d201fbf51601fa0faba6bef7"
"docs","site_libs/bootstrap/bootstrap-icons.woff","v1.0.15","1a51dfbe5467607389d603c02a77cd10"
"docs","site_libs/bootstrap/bootstrap.min.js","v1.0.15","e2b09c06f0e714b6144a6788a28e3950"
"docs","site_libs/clipboard/clipboard.min.js","v1.0.15","15f52a1ee547f2bdd46e56747332ca2d"
"docs","site_libs/quarto-html/anchor.min.js","v1.0.15","91bcf6cd1fd88fec3f109811e5fc3546"
"docs","site_libs/quarto-html/popper.min.js","v1.0.15","3a4a291ccf3f1ea0f82b641542fd3827"
"docs","site_libs/quarto-html/quarto-syntax-highlighting-549806ee2085284f45b00abea8c6df48.css","v1.0.15","549806ee2085284f45b00abea8c6df48"
"docs","site_libs/quarto-html/quarto.js","v1.0.15","b2cce65711e74956eb7b7aa2f4d3943f"
"docs","site_libs/quarto-html/tippy.css","v1.0.15","ebd6f8ce46a677e1a4f5f8a8317109a9"
"docs","site_libs/quarto-html/tippy.umd.min.js","v1.0.15","d828775275749701b48bd9d958814111"
"docs","site_libs/quarto-nav/headroom.min.js","v1.0.15","ace0360e576db9b6e7df48ac68ddbbf4"
"docs","site_libs/quarto-nav/quarto-nav.js","v1.0.15","12d334846b27bdb493298c08277bdf7f"
"docs","site_libs/quarto-search/autocomplete.umd.js","v1.0.15","c64544db941e048f2652217cb9a7f29c"
"docs","site_libs/quarto-search/fuse.min.js","v1.0.15","de7d60e4a6881074275feca14b84a49d"
"docs","site_libs/quarto-search/quarto-search.js","v1.0.15","bb16b7e73be13eba97c99d25b2a476b3"
"docs","tidyverse.html","v1.0.15","d70e584a8509576c6d34edff22b5d5b7"
"docs","day1.html","v1.0.14","3f051831369974273a6069b35ec8f8c6"
"docs","day5.html","v1.0.14","aa1f37ad5c9eee64db7906e314a6994d"
"docs","ggplot2.html","v1.0.14","eef2a6c26815a86ff973ed2722df99d6"
"docs","git.html","v1.0.14","9db706c61b780e544ec7a6568906c095"
"docs","index.html","v1.0.14","d06ea885703626127f08d2407f6d0190"
"docs","prac1.html","v1.0.14","b068fbbadfb2de98c088473b106f82b5"
"docs","projects.html","v1.0.14","eca3600b01c2fba1a7b47569f38473eb"
"docs","projrsimple.html","v1.0.14","f8b316e45d83467442eec47fe569c806"
"docs","quarto.html","v1.0.14","e3484783c6e3072c98e20842b59e8981"
"docs","r.html","v1.0.14","9c38f8828741329fa5df945eec3129d9"
"docs","search.json","v1.0.14","2af52db5e334362c895f41b575108784"
"docs","site_libs/bootstrap/bootstrap-ecd39e3c375fd44ab84403253b7e1644.min.css","v1.0.14","ecd39e3c375fd44ab84403253b7e1644"
"docs","site_libs/bootstrap/bootstrap-icons.css","v1.0.14","2318f137d201fbf51601fa0faba6bef7"
"docs","site_libs/bootstrap/bootstrap-icons.woff","v1.0.14","1a51dfbe5467607389d603c02a77cd10"
"docs","site_libs/bootstrap/bootstrap.min.js","v1.0.14","e2b09c06f0e714b6144a6788a28e3950"
"docs","site_libs/clipboard/clipboard.min.js","v1.0.14","15f52a1ee547f2bdd46e56747332ca2d"
"docs","site_libs/quarto-html/anchor.min.js","v1.0.14","91bcf6cd1fd88fec3f109811e5fc3546"
"docs","site_libs/quarto-html/popper.min.js","v1.0.14","3a4a291ccf3f1ea0f82b641542fd3827"
"docs","site_libs/quarto-html/quarto-syntax-highlighting-549806ee2085284f45b00abea8c6df48.css","v1.0.14","549806ee2085284f45b00abea8c6df48"
"docs","site_libs/quarto-html/quarto.js","v1.0.14","b2cce65711e74956eb7b7aa2f4d3943f"
"docs","site_libs/quarto-html/tippy.css","v1.0.14","ebd6f8ce46a677e1a4f5f8a8317109a9"
"docs","site_libs/quarto-html/tippy.umd.min.js","v1.0.14","d828775275749701b48bd9d958814111"
"docs","site_libs/quarto-nav/headroom.min.js","v1.0.14","ace0360e576db9b6e7df48ac68ddbbf4"
"docs","site_libs/quarto-nav/quarto-nav.js","v1.0.14","12d334846b27bdb493298c08277bdf7f"
"docs","site_libs/quarto-search/autocomplete.umd.js","v1.0.14","c64544db941e048f2652217cb9a7f29c"
"docs","site_libs/quarto-search/fuse.min.js","v1.0.14","de7d60e4a6881074275feca14b84a49d"
"docs","site_libs/quarto-search/quarto-search.js","v1.0.14","bb16b7e73be13eba97c99d25b2a476b3"
"docs","tidyverse.html","v1.0.14","34d5dd991f07fba3e37f4f98a7dc849d"
"docs","day1.html","v1.0.13","3f051831369974273a6069b35ec8f8c6"
"docs","day5.html","v1.0.13","aa1f37ad5c9eee64db7906e314a6994d"
"docs","ggplot2.html","v1.0.13","eef2a6c26815a86ff973ed2722df99d6"
"docs","git.html","v1.0.13","9db706c61b780e544ec7a6568906c095"
"docs","index.html","v1.0.13","d06ea885703626127f08d2407f6d0190"
"docs","prac1.html","v1.0.13","b068fbbadfb2de98c088473b106f82b5"
"docs","projects.html","v1.0.13","eca3600b01c2fba1a7b47569f38473eb"
"docs","projrsimple.html","v1.0.13","f8b316e45d83467442eec47fe569c806"
"docs","quarto.html","v1.0.13","e3484783c6e3072c98e20842b59e8981"
"docs","r.html","v1.0.13","9c38f8828741329fa5df945eec3129d9"
"docs","search.json","v1.0.13","2af52db5e334362c895f41b575108784"
"docs","site_libs/bootstrap/bootstrap-ecd39e3c375fd44ab84403253b7e1644.min.css","v1.0.13","ecd39e3c375fd44ab84403253b7e1644"
"docs","site_libs/bootstrap/bootstrap-icons.css","v1.0.13","2318f137d201fbf51601fa0faba6bef7"
"docs","site_libs/bootstrap/bootstrap-icons.woff","v1.0.13","1a51dfbe5467607389d603c02a77cd10"
"docs","site_libs/bootstrap/bootstrap.min.js","v1.0.13","e2b09c06f0e714b6144a6788a28e3950"
"docs","site_libs/clipboard/clipboard.min.js","v1.0.13","15f52a1ee547f2bdd46e56747332ca2d"
"docs","site_libs/quarto-html/anchor.min.js","v1.0.13","91bcf6cd1fd88fec3f109811e5fc3546"
"docs","site_libs/quarto-html/popper.min.js","v1.0.13","3a4a291ccf3f1ea0f82b641542fd3827"
"docs","site_libs/quarto-html/quarto-syntax-highlighting-549806ee2085284f45b00abea8c6df48.css","v1.0.13","549806ee2085284f45b00abea8c6df48"
"docs","site_libs/quarto-html/quarto.js","v1.0.13","b2cce65711e74956eb7b7aa2f4d3943f"
"docs","site_libs/quarto-html/tippy.css","v1.0.13","ebd6f8ce46a677e1a4f5f8a8317109a9"
"docs","site_libs/quarto-html/tippy.umd.min.js","v1.0.13","d828775275749701b48bd9d958814111"
"docs","site_libs/quarto-nav/headroom.min.js","v1.0.13","ace0360e576db9b6e7df48ac68ddbbf4"
"docs","site_libs/quarto-nav/quarto-nav.js","v1.0.13","12d334846b27bdb493298c08277bdf7f"
"docs","site_libs/quarto-search/autocomplete.umd.js","v1.0.13","c64544db941e048f2652217cb9a7f29c"
"docs","site_libs/quarto-search/fuse.min.js","v1.0.13","de7d60e4a6881074275feca14b84a49d"
"docs","site_libs/quarto-search/quarto-search.js","v1.0.13","bb16b7e73be13eba97c99d25b2a476b3"
"docs","tidyverse.html","v1.0.13","34d5dd991f07fba3e37f4f98a7dc849d"
"docs","git.html","v1.0.12","d209f2430c8f6f5839e5fc97c2f904cf"
"docs","index.html","v1.0.12","408ef09e5e34754288e7638e9a2e20fd"
"docs","prac1.html","v1.0.12","edec86266b6163e1c750fbae22527062"
"docs","projects.html","v1.0.12","8fa037c73f8035c0572b07c0ab074cb6"
"docs","projrsimple.html","v1.0.12","a93f28e523f098972ecb36a43ccae686"
"docs","quarto.html","v1.0.12","714987f9dbc4a462c54123d8e06692b9"
"docs","r.html","v1.0.12","31fbcd27bd99b9833ec4b37bf4a0ad3c"
"docs","search.json","v1.0.12","d50470a73f02fd56396cdfecf4437ec7"
"docs","site_libs/bootstrap/bootstrap-ecd39e3c375fd44ab84403253b7e1644.min.css","v1.0.12","ecd39e3c375fd44ab84403253b7e1644"
"docs","site_libs/bootstrap/bootstrap-icons.css","v1.0.12","2318f137d201fbf51601fa0faba6bef7"
"docs","site_libs/bootstrap/bootstrap-icons.woff","v1.0.12","1a51dfbe5467607389d603c02a77cd10"
"docs","site_libs/bootstrap/bootstrap.min.js","v1.0.12","e2b09c06f0e714b6144a6788a28e3950"
"docs","site_libs/clipboard/clipboard.min.js","v1.0.12","15f52a1ee547f2bdd46e56747332ca2d"
"docs","site_libs/quarto-html/anchor.min.js","v1.0.12","91bcf6cd1fd88fec3f109811e5fc3546"
"docs","site_libs/quarto-html/popper.min.js","v1.0.12","3a4a291ccf3f1ea0f82b641542fd3827"
"docs","site_libs/quarto-html/quarto-syntax-highlighting-549806ee2085284f45b00abea8c6df48.css","v1.0.12","549806ee2085284f45b00abea8c6df48"
"docs","site_libs/quarto-html/quarto.js","v1.0.12","b2cce65711e74956eb7b7aa2f4d3943f"
"docs","site_libs/quarto-html/tippy.css","v1.0.12","ebd6f8ce46a677e1a4f5f8a8317109a9"
"docs","site_libs/quarto-html/tippy.umd.min.js","v1.0.12","d828775275749701b48bd9d958814111"
"docs","site_libs/quarto-nav/headroom.min.js","v1.0.12","ace0360e576db9b6e7df48ac68ddbbf4"
"docs","site_libs/quarto-nav/quarto-nav.js","v1.0.12","12d334846b27bdb493298c08277bdf7f"
"docs","site_libs/quarto-search/autocomplete.umd.js","v1.0.12","c64544db941e048f2652217cb9a7f29c"
"docs","site_libs/quarto-search/fuse.min.js","v1.0.12","de7d60e4a6881074275feca14b84a49d"
"docs","site_libs/quarto-search/quarto-search.js","v1.0.12","bb16b7e73be13eba97c99d25b2a476b3"
"docs","git.html","v1.0.11","cc2d61679956be0615c8cf56f761a20d"
"docs","index.html","v1.0.11","408ef09e5e34754288e7638e9a2e20fd"
"docs","prac1.html","v1.0.11","edec86266b6163e1c750fbae22527062"
"docs","projects.html","v1.0.11","8fa037c73f8035c0572b07c0ab074cb6"
"docs","projrsimple.html","v1.0.11","a93f28e523f098972ecb36a43ccae686"
"docs","quarto.html","v1.0.11","714987f9dbc4a462c54123d8e06692b9"
"docs","r.html","v1.0.11","31fbcd27bd99b9833ec4b37bf4a0ad3c"
"docs","search.json","v1.0.11","339ebb7a8620ef91eeafdc64b2ac17c0"
"docs","site_libs/bootstrap/bootstrap-ecd39e3c375fd44ab84403253b7e1644.min.css","v1.0.11","ecd39e3c375fd44ab84403253b7e1644"
"docs","site_libs/bootstrap/bootstrap-icons.css","v1.0.11","2318f137d201fbf51601fa0faba6bef7"
"docs","site_libs/bootstrap/bootstrap-icons.woff","v1.0.11","1a51dfbe5467607389d603c02a77cd10"
"docs","site_libs/bootstrap/bootstrap.min.js","v1.0.11","e2b09c06f0e714b6144a6788a28e3950"
"docs","site_libs/clipboard/clipboard.min.js","v1.0.11","15f52a1ee547f2bdd46e56747332ca2d"
"docs","site_libs/quarto-html/anchor.min.js","v1.0.11","91bcf6cd1fd88fec3f109811e5fc3546"
"docs","site_libs/quarto-html/popper.min.js","v1.0.11","3a4a291ccf3f1ea0f82b641542fd3827"
"docs","site_libs/quarto-html/quarto-syntax-highlighting-549806ee2085284f45b00abea8c6df48.css","v1.0.11","549806ee2085284f45b00abea8c6df48"
"docs","site_libs/quarto-html/quarto.js","v1.0.11","b2cce65711e74956eb7b7aa2f4d3943f"
"docs","site_libs/quarto-html/tippy.css","v1.0.11","ebd6f8ce46a677e1a4f5f8a8317109a9"
"docs","site_libs/quarto-html/tippy.umd.min.js","v1.0.11","d828775275749701b48bd9d958814111"
"docs","site_libs/quarto-nav/headroom.min.js","v1.0.11","ace0360e576db9b6e7df48ac68ddbbf4"
"docs","site_libs/quarto-nav/quarto-nav.js","v1.0.11","12d334846b27bdb493298c08277bdf7f"
"docs","site_libs/quarto-search/autocomplete.umd.js","v1.0.11","c64544db941e048f2652217cb9a7f29c"
"docs","site_libs/quarto-search/fuse.min.js","v1.0.11","de7d60e4a6881074275feca14b84a49d"
"docs","site_libs/quarto-search/quarto-search.js","v1.0.11","bb16b7e73be13eba97c99d25b2a476b3"
"docs","git.html","v1.0.10","4b0daab592022dbe9351ac695ffe9771"
"docs","index.html","v1.0.10","408ef09e5e34754288e7638e9a2e20fd"
"docs","prac1.html","v1.0.10","edec86266b6163e1c750fbae22527062"
"docs","projects.html","v1.0.10","8fa037c73f8035c0572b07c0ab074cb6"
"docs","projrsimple.html","v1.0.10","a93f28e523f098972ecb36a43ccae686"
"docs","quarto.html","v1.0.10","714987f9dbc4a462c54123d8e06692b9"
"docs","r.html","v1.0.10","31fbcd27bd99b9833ec4b37bf4a0ad3c"
"docs","search.json","v1.0.10","6e74b55bd7628c9eda95e1f9deedd7a0"
"docs","site_libs/bootstrap/bootstrap-ecd39e3c375fd44ab84403253b7e1644.min.css","v1.0.10","ecd39e3c375fd44ab84403253b7e1644"
"docs","site_libs/bootstrap/bootstrap-icons.css","v1.0.10","2318f137d201fbf51601fa0faba6bef7"
"docs","site_libs/bootstrap/bootstrap-icons.woff","v1.0.10","1a51dfbe5467607389d603c02a77cd10"
"docs","site_libs/bootstrap/bootstrap.min.js","v1.0.10","e2b09c06f0e714b6144a6788a28e3950"
"docs","site_libs/clipboard/clipboard.min.js","v1.0.10","15f52a1ee547f2bdd46e56747332ca2d"
"docs","site_libs/quarto-html/anchor.min.js","v1.0.10","91bcf6cd1fd88fec3f109811e5fc3546"
"docs","site_libs/quarto-html/popper.min.js","v1.0.10","3a4a291ccf3f1ea0f82b641542fd3827"
"docs","site_libs/quarto-html/quarto-syntax-highlighting-549806ee2085284f45b00abea8c6df48.css","v1.0.10","549806ee2085284f45b00abea8c6df48"
"docs","site_libs/quarto-html/quarto.js","v1.0.10","b2cce65711e74956eb7b7aa2f4d3943f"
"docs","site_libs/quarto-html/tippy.css","v1.0.10","ebd6f8ce46a677e1a4f5f8a8317109a9"
"docs","site_libs/quarto-html/tippy.umd.min.js","v1.0.10","d828775275749701b48bd9d958814111"
"docs","site_libs/quarto-nav/headroom.min.js","v1.0.10","ace0360e576db9b6e7df48ac68ddbbf4"
"docs","site_libs/quarto-nav/quarto-nav.js","v1.0.10","12d334846b27bdb493298c08277bdf7f"
"docs","site_libs/quarto-search/autocomplete.umd.js","v1.0.10","c64544db941e048f2652217cb9a7f29c"
"docs","site_libs/quarto-search/fuse.min.js","v1.0.10","de7d60e4a6881074275feca14b84a49d"
"docs","site_libs/quarto-search/quarto-search.js","v1.0.10","bb16b7e73be13eba97c99d25b2a476b3"
"docs","git.html","v1.0.9","908bee1e59f169f29a53f8add767597e"
"docs","index.html","v1.0.9","408ef09e5e34754288e7638e9a2e20fd"
"docs","prac1.html","v1.0.9","edec86266b6163e1c750fbae22527062"
"docs","projects.html","v1.0.9","8fa037c73f8035c0572b07c0ab074cb6"
"docs","projrsimple.html","v1.0.9","a93f28e523f098972ecb36a43ccae686"
"docs","quarto.html","v1.0.9","714987f9dbc4a462c54123d8e06692b9"
"docs","r.html","v1.0.9","31fbcd27bd99b9833ec4b37bf4a0ad3c"
"docs","search.json","v1.0.9","c187d0a65410831beec0f7e45003847b"
"docs","site_libs/bootstrap/bootstrap-ecd39e3c375fd44ab84403253b7e1644.min.css","v1.0.9","ecd39e3c375fd44ab84403253b7e1644"
"docs","site_libs/bootstrap/bootstrap-icons.css","v1.0.9","2318f137d201fbf51601fa0faba6bef7"
"docs","site_libs/bootstrap/bootstrap-icons.woff","v1.0.9","1a51dfbe5467607389d603c02a77cd10"
"docs","site_libs/bootstrap/bootstrap.min.js","v1.0.9","e2b09c06f0e714b6144a6788a28e3950"
"docs","site_libs/clipboard/clipboard.min.js","v1.0.9","15f52a1ee547f2bdd46e56747332ca2d"
"docs","site_libs/quarto-html/anchor.min.js","v1.0.9","91bcf6cd1fd88fec3f109811e5fc3546"
"docs","site_libs/quarto-html/popper.min.js","v1.0.9","3a4a291ccf3f1ea0f82b641542fd3827"
"docs","site_libs/quarto-html/quarto-syntax-highlighting-549806ee2085284f45b00abea8c6df48.css","v1.0.9","549806ee2085284f45b00abea8c6df48"
"docs","site_libs/quarto-html/quarto.js","v1.0.9","b2cce65711e74956eb7b7aa2f4d3943f"
"docs","site_libs/quarto-html/tippy.css","v1.0.9","ebd6f8ce46a677e1a4f5f8a8317109a9"
"docs","site_libs/quarto-html/tippy.umd.min.js","v1.0.9","d828775275749701b48bd9d958814111"
"docs","site_libs/quarto-nav/headroom.min.js","v1.0.9","ace0360e576db9b6e7df48ac68ddbbf4"
"docs","site_libs/quarto-nav/quarto-nav.js","v1.0.9","12d334846b27bdb493298c08277bdf7f"
"docs","site_libs/quarto-search/autocomplete.umd.js","v1.0.9","c64544db941e048f2652217cb9a7f29c"
"docs","site_libs/quarto-search/fuse.min.js","v1.0.9","de7d60e4a6881074275feca14b84a49d"
"docs","site_libs/quarto-search/quarto-search.js","v1.0.9","bb16b7e73be13eba97c99d25b2a476b3"
"docs","git.html","v1.0.8","26e1b87925b2fb9e0dbaab852f4d5607"
"docs","index.html","v1.0.8","408ef09e5e34754288e7638e9a2e20fd"
"docs","prac1.html","v1.0.8","edec86266b6163e1c750fbae22527062"
"docs","projects.html","v1.0.8","8fa037c73f8035c0572b07c0ab074cb6"
"docs","projrsimple.html","v1.0.8","a93f28e523f098972ecb36a43ccae686"
"docs","quarto.html","v1.0.8","714987f9dbc4a462c54123d8e06692b9"
"docs","r.html","v1.0.8","31fbcd27bd99b9833ec4b37bf4a0ad3c"
"docs","search.json","v1.0.8","1492b4f68acd0f2b3f66162a8d22d607"
"docs","site_libs/bootstrap/bootstrap-ecd39e3c375fd44ab84403253b7e1644.min.css","v1.0.8","ecd39e3c375fd44ab84403253b7e1644"
"docs","site_libs/bootstrap/bootstrap-icons.css","v1.0.8","2318f137d201fbf51601fa0faba6bef7"
"docs","site_libs/bootstrap/bootstrap-icons.woff","v1.0.8","1a51dfbe5467607389d603c02a77cd10"
"docs","site_libs/bootstrap/bootstrap.min.js","v1.0.8","e2b09c06f0e714b6144a6788a28e3950"
"docs","site_libs/clipboard/clipboard.min.js","v1.0.8","15f52a1ee547f2bdd46e56747332ca2d"
"docs","site_libs/quarto-html/anchor.min.js","v1.0.8","91bcf6cd1fd88fec3f109811e5fc3546"
"docs","site_libs/quarto-html/popper.min.js","v1.0.8","3a4a291ccf3f1ea0f82b641542fd3827"
"docs","site_libs/quarto-html/quarto-syntax-highlighting-549806ee2085284f45b00abea8c6df48.css","v1.0.8","549806ee2085284f45b00abea8c6df48"
"docs","site_libs/quarto-html/quarto.js","v1.0.8","b2cce65711e74956eb7b7aa2f4d3943f"
"docs","site_libs/quarto-html/tippy.css","v1.0.8","ebd6f8ce46a677e1a4f5f8a8317109a9"
"docs","site_libs/quarto-html/tippy.umd.min.js","v1.0.8","d828775275749701b48bd9d958814111"
"docs","site_libs/quarto-nav/headroom.min.js","v1.0.8","ace0360e576db9b6e7df48ac68ddbbf4"
"docs","site_libs/quarto-nav/quarto-nav.js","v1.0.8","12d334846b27bdb493298c08277bdf7f"
"docs","site_libs/quarto-search/autocomplete.umd.js","v1.0.8","c64544db941e048f2652217cb9a7f29c"
"docs","site_libs/quarto-search/fuse.min.js","v1.0.8","de7d60e4a6881074275feca14b84a49d"
"docs","site_libs/quarto-search/quarto-search.js","v1.0.8","bb16b7e73be13eba97c99d25b2a476b3"
"docs","git.html","v1.0.7","94adf16e85fa28770e1f9658c6bd9314"
"docs","index.html","v1.0.7","408ef09e5e34754288e7638e9a2e20fd"
"docs","prac1.html","v1.0.7","edec86266b6163e1c750fbae22527062"
"docs","projects.html","v1.0.7","8fa037c73f8035c0572b07c0ab074cb6"
"docs","projrsimple.html","v1.0.7","a93f28e523f098972ecb36a43ccae686"
"docs","quarto.html","v1.0.7","714987f9dbc4a462c54123d8e06692b9"
"docs","r.html","v1.0.7","31fbcd27bd99b9833ec4b37bf4a0ad3c"
"docs","search.json","v1.0.7","031fcb4effa23d3f5c06ad179e3d2074"
"docs","site_libs/bootstrap/bootstrap-ecd39e3c375fd44ab84403253b7e1644.min.css","v1.0.7","ecd39e3c375fd44ab84403253b7e1644"
"docs","site_libs/bootstrap/bootstrap-icons.css","v1.0.7","2318f137d201fbf51601fa0faba6bef7"
"docs","site_libs/bootstrap/bootstrap-icons.woff","v1.0.7","1a51dfbe5467607389d603c02a77cd10"
"docs","site_libs/bootstrap/bootstrap.min.js","v1.0.7","e2b09c06f0e714b6144a6788a28e3950"
"docs","site_libs/clipboard/clipboard.min.js","v1.0.7","15f52a1ee547f2bdd46e56747332ca2d"
"docs","site_libs/quarto-html/anchor.min.js","v1.0.7","91bcf6cd1fd88fec3f109811e5fc3546"
"docs","site_libs/quarto-html/popper.min.js","v1.0.7","3a4a291ccf3f1ea0f82b641542fd3827"
"docs","site_libs/quarto-html/quarto-syntax-highlighting-549806ee2085284f45b00abea8c6df48.css","v1.0.7","549806ee2085284f45b00abea8c6df48"
"docs","site_libs/quarto-html/quarto.js","v1.0.7","b2cce65711e74956eb7b7aa2f4d3943f"
"docs","site_libs/quarto-html/tippy.css","v1.0.7","ebd6f8ce46a677e1a4f5f8a8317109a9"
"docs","site_libs/quarto-html/tippy.umd.min.js","v1.0.7","d828775275749701b48bd9d958814111"
"docs","site_libs/quarto-nav/headroom.min.js","v1.0.7","ace0360e576db9b6e7df48ac68ddbbf4"
"docs","site_libs/quarto-nav/quarto-nav.js","v1.0.7","12d334846b27bdb493298c08277bdf7f"
"docs","site_libs/quarto-search/autocomplete.umd.js","v1.0.7","c64544db941e048f2652217cb9a7f29c"
"docs","site_libs/quarto-search/fuse.min.js","v1.0.7","de7d60e4a6881074275feca14b84a49d"
"docs","site_libs/quarto-search/quarto-search.js","v1.0.7","bb16b7e73be13eba97c99d25b2a476b3"
"docs","git.html","v1.0.6","97b30f91def0482a12efa90e4d060ee0"
"docs","index.html","v1.0.6","408ef09e5e34754288e7638e9a2e20fd"
"docs","prac1.html","v1.0.6","edec86266b6163e1c750fbae22527062"
"docs","projects.html","v1.0.6","8fa037c73f8035c0572b07c0ab074cb6"
"docs","projrsimple.html","v1.0.6","a93f28e523f098972ecb36a43ccae686"
"docs","quarto.html","v1.0.6","714987f9dbc4a462c54123d8e06692b9"
"docs","r.html","v1.0.6","31fbcd27bd99b9833ec4b37bf4a0ad3c"
"docs","search.json","v1.0.6","5f155245f8325db83816a9558694c9e9"
"docs","site_libs/bootstrap/bootstrap-ecd39e3c375fd44ab84403253b7e1644.min.css","v1.0.6","ecd39e3c375fd44ab84403253b7e1644"
"docs","site_libs/bootstrap/bootstrap-icons.css","v1.0.6","2318f137d201fbf51601fa0faba6bef7"
"docs","site_libs/bootstrap/bootstrap-icons.woff","v1.0.6","1a51dfbe5467607389d603c02a77cd10"
"docs","site_libs/bootstrap/bootstrap.min.js","v1.0.6","e2b09c06f0e714b6144a6788a28e3950"
"docs","site_libs/clipboard/clipboard.min.js","v1.0.6","15f52a1ee547f2bdd46e56747332ca2d"
"docs","site_libs/quarto-html/anchor.min.js","v1.0.6","91bcf6cd1fd88fec3f109811e5fc3546"
"docs","site_libs/quarto-html/popper.min.js","v1.0.6","3a4a291ccf3f1ea0f82b641542fd3827"
"docs","site_libs/quarto-html/quarto-syntax-highlighting-549806ee2085284f45b00abea8c6df48.css","v1.0.6","549806ee2085284f45b00abea8c6df48"
"docs","site_libs/quarto-html/quarto.js","v1.0.6","b2cce65711e74956eb7b7aa2f4d3943f"
"docs","site_libs/quarto-html/tippy.css","v1.0.6","ebd6f8ce46a677e1a4f5f8a8317109a9"
"docs","site_libs/quarto-html/tippy.umd.min.js","v1.0.6","d828775275749701b48bd9d958814111"
"docs","site_libs/quarto-nav/headroom.min.js","v1.0.6","ace0360e576db9b6e7df48ac68ddbbf4"
"docs","site_libs/quarto-nav/quarto-nav.js","v1.0.6","12d334846b27bdb493298c08277bdf7f"
"docs","site_libs/quarto-search/autocomplete.umd.js","v1.0.6","c64544db941e048f2652217cb9a7f29c"
"docs","site_libs/quarto-search/fuse.min.js","v1.0.6","de7d60e4a6881074275feca14b84a49d"
"docs","site_libs/quarto-search/quarto-search.js","v1.0.6","bb16b7e73be13eba97c99d25b2a476b3"
"docs","git.html","v1.0.5","21ab4f8fa7584237f2d0e9e6afe6dc36"
"docs","index.html","v1.0.5","408ef09e5e34754288e7638e9a2e20fd"
"docs","prac1.html","v1.0.5","edec86266b6163e1c750fbae22527062"
"docs","projects.html","v1.0.5","8fa037c73f8035c0572b07c0ab074cb6"
"docs","projrsimple.html","v1.0.5","7f579718fbb151ac303ce4f7cdf0cd09"
"docs","quarto.html","v1.0.5","714987f9dbc4a462c54123d8e06692b9"
"docs","r.html","v1.0.5","31fbcd27bd99b9833ec4b37bf4a0ad3c"
"docs","search.json","v1.0.5","e829138e5f567fc058ae7515353d2c2d"
"docs","site_libs/bootstrap/bootstrap-ecd39e3c375fd44ab84403253b7e1644.min.css","v1.0.5","ecd39e3c375fd44ab84403253b7e1644"
"docs","site_libs/bootstrap/bootstrap-icons.css","v1.0.5","2318f137d201fbf51601fa0faba6bef7"
"docs","site_libs/bootstrap/bootstrap-icons.woff","v1.0.5","1a51dfbe5467607389d603c02a77cd10"
"docs","site_libs/bootstrap/bootstrap.min.js","v1.0.5","e2b09c06f0e714b6144a6788a28e3950"
"docs","site_libs/clipboard/clipboard.min.js","v1.0.5","15f52a1ee547f2bdd46e56747332ca2d"
"docs","site_libs/quarto-html/anchor.min.js","v1.0.5","91bcf6cd1fd88fec3f109811e5fc3546"
"docs","site_libs/quarto-html/popper.min.js","v1.0.5","3a4a291ccf3f1ea0f82b641542fd3827"
"docs","site_libs/quarto-html/quarto-syntax-highlighting-549806ee2085284f45b00abea8c6df48.css","v1.0.5","549806ee2085284f45b00abea8c6df48"
"docs","site_libs/quarto-html/quarto.js","v1.0.5","b2cce65711e74956eb7b7aa2f4d3943f"
"docs","site_libs/quarto-html/tippy.css","v1.0.5","ebd6f8ce46a677e1a4f5f8a8317109a9"
"docs","site_libs/quarto-html/tippy.umd.min.js","v1.0.5","d828775275749701b48bd9d958814111"
"docs","site_libs/quarto-nav/headroom.min.js","v1.0.5","ace0360e576db9b6e7df48ac68ddbbf4"
"docs","site_libs/quarto-nav/quarto-nav.js","v1.0.5","12d334846b27bdb493298c08277bdf7f"
"docs","site_libs/quarto-search/autocomplete.umd.js","v1.0.5","c64544db941e048f2652217cb9a7f29c"
"docs","site_libs/quarto-search/fuse.min.js","v1.0.5","de7d60e4a6881074275feca14b84a49d"
"docs","site_libs/quarto-search/quarto-search.js","v1.0.5","bb16b7e73be13eba97c99d25b2a476b3"
"docs","git.html","v1.0.4","58d861c414bea962dca14e92c6c0a7ae"
"docs","index.html","v1.0.4","408ef09e5e34754288e7638e9a2e20fd"
"docs","prac1.html","v1.0.4","edec86266b6163e1c750fbae22527062"
"docs","projects.html","v1.0.4","8fa037c73f8035c0572b07c0ab074cb6"
"docs","projrsimple.html","v1.0.4","7f579718fbb151ac303ce4f7cdf0cd09"
"docs","quarto.html","v1.0.4","714987f9dbc4a462c54123d8e06692b9"
"docs","r.html","v1.0.4","31fbcd27bd99b9833ec4b37bf4a0ad3c"
"docs","search.json","v1.0.4","011f1099799e1f853ae7b9be6f5d0fa6"
"docs","site_libs/bootstrap/bootstrap-ecd39e3c375fd44ab84403253b7e1644.min.css","v1.0.4","ecd39e3c375fd44ab84403253b7e1644"
"docs","site_libs/bootstrap/bootstrap-icons.css","v1.0.4","2318f137d201fbf51601fa0faba6bef7"
"docs","site_libs/bootstrap/bootstrap-icons.woff","v1.0.4","1a51dfbe5467607389d603c02a77cd10"
"docs","site_libs/bootstrap/bootstrap.min.js","v1.0.4","e2b09c06f0e714b6144a6788a28e3950"
"docs","site_libs/clipboard/clipboard.min.js","v1.0.4","15f52a1ee547f2bdd46e56747332ca2d"
"docs","site_libs/quarto-html/anchor.min.js","v1.0.4","91bcf6cd1fd88fec3f109811e5fc3546"
"docs","site_libs/quarto-html/popper.min.js","v1.0.4","3a4a291ccf3f1ea0f82b641542fd3827"
"docs","site_libs/quarto-html/quarto-syntax-highlighting-549806ee2085284f45b00abea8c6df48.css","v1.0.4","549806ee2085284f45b00abea8c6df48"
"docs","site_libs/quarto-html/quarto.js","v1.0.4","b2cce65711e74956eb7b7aa2f4d3943f"
"docs","site_libs/quarto-html/tippy.css","v1.0.4","ebd6f8ce46a677e1a4f5f8a8317109a9"
"docs","site_libs/quarto-html/tippy.umd.min.js","v1.0.4","d828775275749701b48bd9d958814111"
"docs","site_libs/quarto-nav/headroom.min.js","v1.0.4","ace0360e576db9b6e7df48ac68ddbbf4"
"docs","site_libs/quarto-nav/quarto-nav.js","v1.0.4","12d334846b27bdb493298c08277bdf7f"
"docs","site_libs/quarto-search/autocomplete.umd.js","v1.0.4","c64544db941e048f2652217cb9a7f29c"
"docs","site_libs/quarto-search/fuse.min.js","v1.0.4","de7d60e4a6881074275feca14b84a49d"
"docs","site_libs/quarto-search/quarto-search.js","v1.0.4","bb16b7e73be13eba97c99d25b2a476b3"
"docs","git.html","v1.0.3","e4eacaaa7036cf3cfb56385118522063"
"docs","index.html","v1.0.3","408ef09e5e34754288e7638e9a2e20fd"
"docs","prac1.html","v1.0.3","edec86266b6163e1c750fbae22527062"
"docs","projects.html","v1.0.3","8fa037c73f8035c0572b07c0ab074cb6"
"docs","projrsimple.html","v1.0.3","7f579718fbb151ac303ce4f7cdf0cd09"
"docs","quarto.html","v1.0.3","714987f9dbc4a462c54123d8e06692b9"
"docs","r.html","v1.0.3","31fbcd27bd99b9833ec4b37bf4a0ad3c"
"docs","search.json","v1.0.3","2347ff40f35851a48c388742b9722b0f"
"docs","site_libs/bootstrap/bootstrap-ecd39e3c375fd44ab84403253b7e1644.min.css","v1.0.3","ecd39e3c375fd44ab84403253b7e1644"
"docs","site_libs/bootstrap/bootstrap-icons.css","v1.0.3","2318f137d201fbf51601fa0faba6bef7"
"docs","site_libs/bootstrap/bootstrap-icons.woff","v1.0.3","1a51dfbe5467607389d603c02a77cd10"
"docs","site_libs/bootstrap/bootstrap.min.js","v1.0.3","e2b09c06f0e714b6144a6788a28e3950"
"docs","site_libs/clipboard/clipboard.min.js","v1.0.3","15f52a1ee547f2bdd46e56747332ca2d"
"docs","site_libs/quarto-html/anchor.min.js","v1.0.3","91bcf6cd1fd88fec3f109811e5fc3546"
"docs","site_libs/quarto-html/popper.min.js","v1.0.3","3a4a291ccf3f1ea0f82b641542fd3827"
"docs","site_libs/quarto-html/quarto-syntax-highlighting-549806ee2085284f45b00abea8c6df48.css","v1.0.3","549806ee2085284f45b00abea8c6df48"
"docs","site_libs/quarto-html/quarto.js","v1.0.3","b2cce65711e74956eb7b7aa2f4d3943f"
"docs","site_libs/quarto-html/tippy.css","v1.0.3","ebd6f8ce46a677e1a4f5f8a8317109a9"
"docs","site_libs/quarto-html/tippy.umd.min.js","v1.0.3","d828775275749701b48bd9d958814111"
"docs","site_libs/quarto-nav/headroom.min.js","v1.0.3","ace0360e576db9b6e7df48ac68ddbbf4"
"docs","site_libs/quarto-nav/quarto-nav.js","v1.0.3","12d334846b27bdb493298c08277bdf7f"
"docs","site_libs/quarto-search/autocomplete.umd.js","v1.0.3","c64544db941e048f2652217cb9a7f29c"
"docs","site_libs/quarto-search/fuse.min.js","v1.0.3","de7d60e4a6881074275feca14b84a49d"
"docs","site_libs/quarto-search/quarto-search.js","v1.0.3","bb16b7e73be13eba97c99d25b2a476b3"
"docs","git.html","v1.0.2","e4eacaaa7036cf3cfb56385118522063"
"docs","index.html","v1.0.2","408ef09e5e34754288e7638e9a2e20fd"
"docs","prac1.html","v1.0.2","edec86266b6163e1c750fbae22527062"
"docs","projects.html","v1.0.2","8fa037c73f8035c0572b07c0ab074cb6"
"docs","projrsimple.html","v1.0.2","7f579718fbb151ac303ce4f7cdf0cd09"
"docs","quarto.html","v1.0.2","fc82dc2d0781ba662e8e7944d01c8066"
"docs","r.html","v1.0.2","31fbcd27bd99b9833ec4b37bf4a0ad3c"
"docs","search.json","v1.0.2","e6c0e9c2ca417b4e82bdec81f55809c2"
"docs","site_libs/bootstrap/bootstrap-ecd39e3c375fd44ab84403253b7e1644.min.css","v1.0.2","ecd39e3c375fd44ab84403253b7e1644"
"docs","site_libs/bootstrap/bootstrap-icons.css","v1.0.2","2318f137d201fbf51601fa0faba6bef7"
"docs","site_libs/bootstrap/bootstrap-icons.woff","v1.0.2","1a51dfbe5467607389d603c02a77cd10"
"docs","site_libs/bootstrap/bootstrap.min.js","v1.0.2","e2b09c06f0e714b6144a6788a28e3950"
"docs","site_libs/clipboard/clipboard.min.js","v1.0.2","15f52a1ee547f2bdd46e56747332ca2d"
"docs","site_libs/quarto-html/anchor.min.js","v1.0.2","91bcf6cd1fd88fec3f109811e5fc3546"
"docs","site_libs/quarto-html/popper.min.js","v1.0.2","3a4a291ccf3f1ea0f82b641542fd3827"
"docs","site_libs/quarto-html/quarto-syntax-highlighting-549806ee2085284f45b00abea8c6df48.css","v1.0.2","549806ee2085284f45b00abea8c6df48"
"docs","site_libs/quarto-html/quarto.js","v1.0.2","b2cce65711e74956eb7b7aa2f4d3943f"
"docs","site_libs/quarto-html/tippy.css","v1.0.2","ebd6f8ce46a677e1a4f5f8a8317109a9"
"docs","site_libs/quarto-html/tippy.umd.min.js","v1.0.2","d828775275749701b48bd9d958814111"
"docs","site_libs/quarto-nav/headroom.min.js","v1.0.2","ace0360e576db9b6e7df48ac68ddbbf4"
"docs","site_libs/quarto-nav/quarto-nav.js","v1.0.2","12d334846b27bdb493298c08277bdf7f"
"docs","site_libs/quarto-search/autocomplete.umd.js","v1.0.2","c64544db941e048f2652217cb9a7f29c"
"docs","site_libs/quarto-search/fuse.min.js","v1.0.2","de7d60e4a6881074275feca14b84a49d"
"docs","site_libs/quarto-search/quarto-search.js","v1.0.2","bb16b7e73be13eba97c99d25b2a476b3"
"docs","git.html","v1.0.1","836cb3bc546479f337062e4fb2b46dec"
"docs","index.html","v1.0.1","edc40551393615b8e7d369b3c068f08a"
"docs","prac1.html","v1.0.1","1283f66afc6b03faed6f3daae00e18b9"
"docs","projects.html","v1.0.1","615824deb3e348913baafc72aea63d1a"
"docs","projrsimple.html","v1.0.1","6c91fcee417c6083bc62125df620a416"
"docs","quarto.html","v1.0.1","3120900cc3a0528cbd8b8d4d320a12cc"
"docs","r.html","v1.0.1","77a0f64d98e1fbc8a6e0dc2b569cbd7a"
"docs","search.json","v1.0.1","d22b9a1baccdb74abcc1bb3a74e0ba6a"
"docs","site_libs/bootstrap/bootstrap-ecd39e3c375fd44ab84403253b7e1644.min.css","v1.0.1","ecd39e3c375fd44ab84403253b7e1644"
"docs","site_libs/bootstrap/bootstrap-icons.css","v1.0.1","2318f137d201fbf51601fa0faba6bef7"
"docs","site_libs/bootstrap/bootstrap-icons.woff","v1.0.1","1a51dfbe5467607389d603c02a77cd10"
"docs","site_libs/bootstrap/bootstrap.min.js","v1.0.1","e2b09c06f0e714b6144a6788a28e3950"
"docs","site_libs/clipboard/clipboard.min.js","v1.0.1","15f52a1ee547f2bdd46e56747332ca2d"
"docs","site_libs/quarto-html/anchor.min.js","v1.0.1","91bcf6cd1fd88fec3f109811e5fc3546"
"docs","site_libs/quarto-html/popper.min.js","v1.0.1","3a4a291ccf3f1ea0f82b641542fd3827"
"docs","site_libs/quarto-html/quarto-syntax-highlighting-549806ee2085284f45b00abea8c6df48.css","v1.0.1","549806ee2085284f45b00abea8c6df48"
"docs","site_libs/quarto-html/quarto.js","v1.0.1","b2cce65711e74956eb7b7aa2f4d3943f"
"docs","site_libs/quarto-html/tippy.css","v1.0.1","ebd6f8ce46a677e1a4f5f8a8317109a9"
"docs","site_libs/quarto-html/tippy.umd.min.js","v1.0.1","d828775275749701b48bd9d958814111"
"docs","site_libs/quarto-nav/headroom.min.js","v1.0.1","ace0360e576db9b6e7df48ac68ddbbf4"
"docs","site_libs/quarto-nav/quarto-nav.js","v1.0.1","12d334846b27bdb493298c08277bdf7f"
"docs","site_libs/quarto-search/autocomplete.umd.js","v1.0.1","c64544db941e048f2652217cb9a7f29c"
"docs","site_libs/quarto-search/fuse.min.js","v1.0.1","de7d60e4a6881074275feca14b84a49d"
"docs","site_libs/quarto-search/quarto-search.js","v1.0.1","bb16b7e73be13eba97c99d25b2a476b3"
"docs","git.html","v1.0.0","836cb3bc546479f337062e4fb2b46dec"
"docs","index.html","v1.0.0","edc40551393615b8e7d369b3c068f08a"
"docs","prac1.html","v1.0.0","1283f66afc6b03faed6f3daae00e18b9"
"docs","projects.html","v1.0.0","615824deb3e348913baafc72aea63d1a"
"docs","projrsimple.html","v1.0.0","6c91fcee417c6083bc62125df620a416"
"docs","quarto.html","v1.0.0","3120900cc3a0528cbd8b8d4d320a12cc"
"docs","r.html","v1.0.0","77a0f64d98e1fbc8a6e0dc2b569cbd7a"
"docs","search.json","v1.0.0","d22b9a1baccdb74abcc1bb3a74e0ba6a"
"docs","site_libs/bootstrap/bootstrap-ecd39e3c375fd44ab84403253b7e1644.min.css","v1.0.0","ecd39e3c375fd44ab84403253b7e1644"
"docs","site_libs/bootstrap/bootstrap-icons.css","v1.0.0","2318f137d201fbf51601fa0faba6bef7"
"docs","site_libs/bootstrap/bootstrap-icons.woff","v1.0.0","1a51dfbe5467607389d603c02a77cd10"
"docs","site_libs/bootstrap/bootstrap.min.js","v1.0.0","e2b09c06f0e714b6144a6788a28e3950"
"docs","site_libs/clipboard/clipboard.min.js","v1.0.0","15f52a1ee547f2bdd46e56747332ca2d"
"docs","site_libs/quarto-html/anchor.min.js","v1.0.0","91bcf6cd1fd88fec3f109811e5fc3546"
"docs","site_libs/quarto-html/popper.min.js","v1.0.0","3a4a291ccf3f1ea0f82b641542fd3827"
"docs","site_libs/quarto-html/quarto-syntax-highlighting-549806ee2085284f45b00abea8c6df48.css","v1.0.0","549806ee2085284f45b00abea8c6df48"
"docs","site_libs/quarto-html/quarto.js","v1.0.0","b2cce65711e74956eb7b7aa2f4d3943f"
"docs","site_libs/quarto-html/tippy.css","v1.0.0","ebd6f8ce46a677e1a4f5f8a8317109a9"
"docs","site_libs/quarto-html/tippy.umd.min.js","v1.0.0","d828775275749701b48bd9d958814111"
"docs","site_libs/quarto-nav/headroom.min.js","v1.0.0","ace0360e576db9b6e7df48ac68ddbbf4"
"docs","site_libs/quarto-nav/quarto-nav.js","v1.0.0","12d334846b27bdb493298c08277bdf7f"
"docs","site_libs/quarto-search/autocomplete.umd.js","v1.0.0","c64544db941e048f2652217cb9a7f29c"
"docs","site_libs/quarto-search/fuse.min.js","v1.0.0","de7d60e4a6881074275feca14b84a49d"
"docs","site_libs/quarto-search/quarto-search.js","v1.0.0","bb16b7e73be13eba97c99d25b2a476b3"
"docs","index.html","v0.0.1","e58a0115026d8dc89b78a70a58a29a58"
"docs","LICENSE.html","v0.0.1","cc92df559072c4b9c12df21373160533"
"docs","search.json","v0.0.1","77d13c3743e51b61d60f9aee9a94ef43"
"docs","site_libs/bootstrap/bootstrap-3f0b60ca1a94a38b45985e05c490c0f8.min.css","v0.0.1","3f0b60ca1a94a38b45985e05c490c0f8"
"docs","site_libs/bootstrap/bootstrap-icons.css","v0.0.1","2318f137d201fbf51601fa0faba6bef7"
"docs","site_libs/bootstrap/bootstrap-icons.woff","v0.0.1","1a51dfbe5467607389d603c02a77cd10"
"docs","site_libs/bootstrap/bootstrap.min.js","v0.0.1","e2b09c06f0e714b6144a6788a28e3950"
"docs","site_libs/clipboard/clipboard.min.js","v0.0.1","15f52a1ee547f2bdd46e56747332ca2d"
"docs","site_libs/quarto-html/anchor.min.js","v0.0.1","91bcf6cd1fd88fec3f109811e5fc3546"
"docs","site_libs/quarto-html/popper.min.js","v0.0.1","3a4a291ccf3f1ea0f82b641542fd3827"
"docs","site_libs/quarto-html/quarto-syntax-highlighting-549806ee2085284f45b00abea8c6df48.css","v0.0.1","549806ee2085284f45b00abea8c6df48"
"docs","site_libs/quarto-html/quarto.js","v0.0.1","b2cce65711e74956eb7b7aa2f4d3943f"
"docs","site_libs/quarto-html/tippy.css","v0.0.1","ebd6f8ce46a677e1a4f5f8a8317109a9"
"docs","site_libs/quarto-html/tippy.umd.min.js","v0.0.1","d828775275749701b48bd9d958814111"
"docs","site_libs/quarto-nav/headroom.min.js","v0.0.1","ace0360e576db9b6e7df48ac68ddbbf4"
"docs","site_libs/quarto-nav/quarto-nav.js","v0.0.1","12d334846b27bdb493298c08277bdf7f"
"docs","site_libs/quarto-search/autocomplete.umd.js","v0.0.1","c64544db941e048f2652217cb9a7f29c"
"docs","site_libs/quarto-search/fuse.min.js","v0.0.1","de7d60e4a6881074275feca14b84a49d"
"docs","site_libs/quarto-search/quarto-search.js","v0.0.1","bb16b7e73be13eba97c99d25b2a476b3"
"docs","SlidesDayOne.html","v0.0.1","cabe433235abeeeebb9b64cb79eb447f"
